{
    "target": "xauusd",
    "status": "RUNNING_OR_DONE",
    "epochs_trained": 80,
    "best_winrate": 69.38775510204081,
    "best_val_loss": 0.167217418551445,
    "best_max_thresh": 0.6,
    "thresholds": [
        0.5,
        0.5333,
        0.5667,
        0.6
    ],
    "win_rates": [
        52.67857142857143,
        57.3170731707317,
        64.28571428571429,
        75.0
    ],
    "totals": [
        112,
        82,
        56,
        32
    ],
    "top_configs_saved": [
        {
            "strategy": "L3_1.4_L4_1.0",
            "score": 68.75,
            "epoch": 39,
            "max_thresh": 0.6,
            "thresholds": [
                0.5,
                0.5333,
                0.5667,
                0.6
            ],
            "win_rates": [
                52.67857142857143,
                57.3170731707317,
                64.28571428571429,
                75.0
            ],
            "totals": [
                112,
                82,
                56,
                32
            ]
        },
        {
            "strategy": "L3_1.1_L4_1.0",
            "score": 69.38775510204081,
            "epoch": 39,
            "max_thresh": 0.6,
            "thresholds": [
                0.5,
                0.5333,
                0.5667,
                0.6
            ],
            "win_rates": [
                52.67857142857143,
                57.3170731707317,
                64.28571428571429,
                75.0
            ],
            "totals": [
                112,
                82,
                56,
                32
            ]
        },
        {
            "strategy": "BEST_VLOSS",
            "score": -16.7217418551445,
            "epoch": 80,
            "max_thresh": 0.56,
            "thresholds": [
                0.5,
                0.52,
                0.54,
                0.56
            ],
            "win_rates": [
                63.39285714285714,
                65.11627906976744,
                70.0,
                63.888888888888886
            ],
            "totals": [
                112,
                86,
                60,
                36
            ]
        }
    ]
}