{
    "target": "xauusd",
    "status": "RUNNING_OR_DONE",
    "epochs_trained": 117,
    "best_winrate": 68.19368293585389,
    "best_val_loss": 0.6928886512051458,
    "best_max_thresh": 0.85,
    "thresholds": [
        0.5,
        0.6167,
        0.7333,
        0.85
    ],
    "win_rates": [
        50.77652013687812,
        51.93689745836985,
        53.94160583941606,
        83.87096774193549
    ],
    "totals": [
        11397,
        5705,
        1370,
        31
    ],
    "top_configs_saved": [
        {
            "strategy": "L3_1.4_L4_1.0",
            "score": 66.41217329879916,
            "max_thresh": 0.85,
            "thresholds": [
                0.5,
                0.6167,
                0.7333,
                0.85
            ],
            "win_rates": [
                50.77652013687812,
                51.93689745836985,
                53.94160583941606,
                83.87096774193549
            ],
            "totals": [
                11397,
                5705,
                1370,
                31
            ]
        },
        {
            "strategy": "L3_1.1_L4_1.0",
            "score": 68.19368293585389,
            "max_thresh": 0.85,
            "thresholds": [
                0.5,
                0.6167,
                0.7333,
                0.85
            ],
            "win_rates": [
                50.77652013687812,
                51.93689745836985,
                53.94160583941606,
                83.87096774193549
            ],
            "totals": [
                11397,
                5705,
                1370,
                31
            ]
        },
        {
            "strategy": "BEST_VLOSS",
            "score": -69.28886512051457,
            "max_thresh": 0.53,
            "thresholds": [
                0.5,
                0.51,
                0.52,
                0.53
            ],
            "win_rates": [
                51.794331841712726,
                51.40695915279879,
                52.98850574712644,
                52.63157894736842
            ],
            "totals": [
                11397,
                3305,
                870,
                38
            ]
        }
    ]
}