{
    "target": "xauusd",
    "version": "Independent_Multi_Session_v1.5",
    "epochs_trained": 3,
    "dimensions": {
        "num_features_target": 0,
        "num_features_macro": 21
    },
    "sessions": {
        "ny": {
            "L3_1.4_L4_1.0": {
                "epoch": 1,
                "composite_score": 0.6896019720397856,
                "max_thresh": 0.53,
                "thresholds": [
                    0.5,
                    0.51,
                    0.52,
                    0.53
                ],
                "win_rates": [
                    52.5491770373344,
                    54.44983818770227,
                    64.35331230283911,
                    75.40983606557377
                ],
                "totals": [
                    2491,
                    1236,
                    317,
                    61
                ]
            },
            "L3_1.1_L4_1.0": {
                "epoch": 1,
                "composite_score": 0.6961832361842705,
                "max_thresh": 0.53,
                "thresholds": [
                    0.5,
                    0.51,
                    0.52,
                    0.53
                ],
                "win_rates": [
                    52.5491770373344,
                    54.44983818770227,
                    64.35331230283911,
                    75.40983606557377
                ],
                "totals": [
                    2491,
                    1236,
                    317,
                    61
                ]
            },
            "BEST_VLOSS": {
                "epoch": 2,
                "composite_score": -0.1725443571805954,
                "max_thresh": 0.53,
                "thresholds": [
                    0.5,
                    0.51,
                    0.52,
                    0.53
                ],
                "win_rates": [
                    52.46888799678844,
                    54.17306707629288,
                    57.68261964735516,
                    60.64814814814815
                ],
                "totals": [
                    2491,
                    1953,
                    794,
                    216
                ]
            }
        }
    }
}