{
    "target": "ltcusdt",
    "version": "Transformer_V3",
    "dimensions": {
        "num_features_target": 0,
        "num_features_macro": 38
    },
    "sessions": {
        "ny": {
            "BEST_VLOSS": {
                "epoch": 8,
                "max_threshold": 0.8,
                "composite_score": 0.2647586767690537,
                "val_loss": 0.9865036439984592,
                "threshold_metrics": [
                    {
                        "threshold": 0.53,
                        "total_signals": 6175,
                        "win_rate": 0.3522267206477733,
                        "avg_win_return": 0.001,
                        "avg_loss_return": 0.001,
                        "ev_score": 0.03270430224675716,
                        "sharpe_score": 0.0,
                        "total_buy": 3087,
                        "total_sell": 3088
                    },
                    {
                        "threshold": 0.62,
                        "total_signals": 1939,
                        "win_rate": 0.3486333161423414,
                        "avg_win_return": 0.001,
                        "avg_loss_return": 0.001,
                        "ev_score": 0.0909558334817744,
                        "sharpe_score": 0.0,
                        "total_buy": 969,
                        "total_sell": 970
                    },
                    {
                        "threshold": 0.71,
                        "total_signals": 384,
                        "win_rate": 0.4713541666666667,
                        "avg_win_return": 0.001,
                        "avg_loss_return": 0.001,
                        "ev_score": 0.37060671119592875,
                        "sharpe_score": 0.0,
                        "total_buy": 192,
                        "total_sell": 192
                    },
                    {
                        "threshold": 0.8,
                        "total_signals": 34,
                        "win_rate": 0.5,
                        "avg_win_return": 0.001,
                        "avg_loss_return": 0.001,
                        "ev_score": 0.11657142857142858,
                        "sharpe_score": 0.0,
                        "total_buy": 17,
                        "total_sell": 17
                    }
                ],
                "win_rates": [
                    0.3522267206477733,
                    0.3486333161423414,
                    0.4713541666666667,
                    0.5
                ],
                "thresholds": [
                    0.53,
                    0.62,
                    0.71,
                    0.8
                ],
                "totals": [
                    6175,
                    1939,
                    384,
                    34
                ]
            }
        }
    }
}