{
    "target": "xauusd",
    "status": "STOPPED",
    "epochs_trained": 2,
    "best_winrate": 44.230769230769226,
    "best_val_loss": 0.7002388967408074,
    "best_max_thresh": 0.56,
    "thresholds": [
        0.5,
        0.52,
        0.54,
        0.56
    ],
    "win_rates": [
        47.45098039215686,
        46.87589158345221,
        46.57534246575342,
        44.230769230769226
    ],
    "totals": [
        4335,
        3505,
        1022,
        52
    ]
}