{
    "target": "xauusd",
    "status": "RUNNING_OR_DONE",
    "epochs_trained": 83,
    "best_winrate": 61.07226107226107,
    "best_val_loss": 0.17238882184028625,
    "best_max_thresh": 0.52,
    "thresholds": [
        0.5,
        0.5067,
        0.5133,
        0.52
    ],
    "win_rates": [
        51.94174757281553,
        52.601156069364166,
        58.74125874125874,
        63.63636363636363
    ],
    "totals": [
        618,
        346,
        143,
        33
    ],
    "top_configs_saved": [
        {
            "strategy": "L3_1.4_L4_1.0",
            "score": 60.78088578088578,
            "epoch": 5,
            "max_thresh": 0.52,
            "thresholds": [
                0.5,
                0.5067,
                0.5133,
                0.52
            ],
            "win_rates": [
                51.94174757281553,
                52.601156069364166,
                58.74125874125874,
                63.63636363636363
            ],
            "totals": [
                618,
                346,
                143,
                33
            ]
        },
        {
            "strategy": "L3_1.1_L4_1.0",
            "score": 61.07226107226107,
            "epoch": 5,
            "max_thresh": 0.52,
            "thresholds": [
                0.5,
                0.5067,
                0.5133,
                0.52
            ],
            "win_rates": [
                51.94174757281553,
                52.601156069364166,
                58.74125874125874,
                63.63636363636363
            ],
            "totals": [
                618,
                346,
                143,
                33
            ]
        },
        {
            "strategy": "BEST_VLOSS",
            "score": -17.238882184028625,
            "epoch": 83,
            "max_thresh": 0.57,
            "thresholds": [
                0.5,
                0.5233,
                0.5467,
                0.57
            ],
            "win_rates": [
                54.0453074433657,
                53.333333333333336,
                47.368421052631575,
                50.0
            ],
            "totals": [
                618,
                255,
                133,
                34
            ]
        }
    ]
}