{
    "target": "xauusd",
    "status": "STOPPED",
    "epochs_trained": 1,
    "best_winrate": 63.27959005124358,
    "best_val_loss": 0.6943609403527301,
    "best_max_thresh": 0.6,
    "thresholds": [
        0.5,
        0.5333,
        0.5667,
        0.6
    ],
    "win_rates": [
        50.39559683522532,
        50.850202429149796,
        52.6246719160105,
        75.0
    ],
    "totals": [
        11628,
        4940,
        762,
        32
    ],
    "top_configs_saved": [
        {
            "strategy": "L3_1.4_L4_1.0",
            "score": 61.94772528433946,
            "max_thresh": 0.6,
            "thresholds": [
                0.5,
                0.5333,
                0.5667,
                0.6
            ],
            "win_rates": [
                50.39559683522532,
                50.850202429149796,
                52.6246719160105,
                75.0
            ],
            "totals": [
                11628,
                4940,
                762,
                32
            ]
        },
        {
            "strategy": "L3_1.1_L4_1.0",
            "score": 63.27959005124358,
            "max_thresh": 0.6,
            "thresholds": [
                0.5,
                0.5333,
                0.5667,
                0.6
            ],
            "win_rates": [
                50.39559683522532,
                50.850202429149796,
                52.6246719160105,
                75.0
            ],
            "totals": [
                11628,
                4940,
                762,
                32
            ]
        },
        {
            "strategy": "BEST_VLOSS",
            "score": -69.43609403527302,
            "max_thresh": 0.6,
            "thresholds": [
                0.5,
                0.5333,
                0.5667,
                0.6
            ],
            "win_rates": [
                50.39559683522532,
                50.850202429149796,
                52.6246719160105,
                75.0
            ],
            "totals": [
                11628,
                4940,
                762,
                32
            ]
        }
    ]
}