{
    "target": "xauusd",
    "status": "RUNNING_OR_DONE",
    "epochs_trained": 2,
    "best_winrate": 63.715058764563715,
    "best_val_loss": 0.6886808276176453,
    "best_max_thresh": 0.56,
    "thresholds": [
        0.5,
        0.52,
        0.54,
        0.56
    ],
    "win_rates": [
        50.66238458450422,
        53.1592249368155,
        57.755775577557756,
        70.27027027027027
    ],
    "totals": [
        2491,
        1187,
        303,
        37
    ],
    "top_configs_saved": [
        {
            "strategy": "L3_1.4_L4_1.0",
            "score": 62.97014836618797,
            "max_thresh": 0.56,
            "thresholds": [
                0.5,
                0.52,
                0.54,
                0.56
            ],
            "win_rates": [
                50.66238458450422,
                53.1592249368155,
                57.755775577557756,
                70.27027027027027
            ],
            "totals": [
                2491,
                1187,
                303,
                37
            ]
        },
        {
            "strategy": "L3_1.1_L4_1.0",
            "score": 63.715058764563715,
            "max_thresh": 0.56,
            "thresholds": [
                0.5,
                0.52,
                0.54,
                0.56
            ],
            "win_rates": [
                50.66238458450422,
                53.1592249368155,
                57.755775577557756,
                70.27027027027027
            ],
            "totals": [
                2491,
                1187,
                303,
                37
            ]
        },
        {
            "strategy": "BEST_VLOSS",
            "score": -68.86808276176453,
            "max_thresh": 0.59,
            "thresholds": [
                0.5,
                0.53,
                0.56,
                0.59
            ],
            "win_rates": [
                53.51264552388599,
                54.86008836524301,
                55.9748427672956,
                68.51851851851852
            ],
            "totals": [
                2491,
                1358,
                477,
                54
            ]
        }
    ]
}