{
    "target": "xauusd",
    "version": "Independent_Multi_Session_v1.5",
    "epochs_trained": 16,
    "dimensions": {
        "num_features_target": 0,
        "num_features_macro": 21
    },
    "sessions": {
        "ny": {
            "L3_1.4_L4_1.0": {
                "epoch": 7,
                "composite_score": 0.7322876134889754,
                "max_thresh": 0.54,
                "thresholds": [
                    0.5,
                    0.5133,
                    0.5267,
                    0.54
                ],
                "win_rates": [
                    52.067442794058614,
                    53.26678765880217,
                    63.035019455252915,
                    87.5
                ],
                "totals": [
                    2491,
                    1102,
                    257,
                    40
                ]
            },
            "L3_1.1_L4_1.0": {
                "epoch": 7,
                "composite_score": 0.7468501019084677,
                "max_thresh": 0.54,
                "thresholds": [
                    0.5,
                    0.5133,
                    0.5267,
                    0.54
                ],
                "win_rates": [
                    52.067442794058614,
                    53.26678765880217,
                    63.035019455252915,
                    87.5
                ],
                "totals": [
                    2491,
                    1102,
                    257,
                    40
                ]
            },
            "BEST_VLOSS": {
                "epoch": 1,
                "composite_score": -0.17267316877841948,
                "max_thresh": 0.54,
                "thresholds": [
                    0.5,
                    0.5133,
                    0.5267,
                    0.54
                ],
                "win_rates": [
                    52.42874347651546,
                    54.15143603133159,
                    55.96184419713831,
                    65.625
                ],
                "totals": [
                    2491,
                    1915,
                    629,
                    64
                ]
            }
        }
    }
}