{
    "target": "usoilusd",
    "status": "STOPPED",
    "epochs_trained": 49,
    "best_winrate": 97.26027397260275,
    "best_val_loss": 0.6246096044778824,
    "best_max_thresh": 0.99,
    "thresholds": [
        0.5,
        0.6633,
        0.8267,
        0.99
    ],
    "win_rates": [
        52.28621291448516,
        52.23839604504257,
        94.81865284974094,
        97.26027397260275
    ],
    "totals": [
        5730,
        3641,
        193,
        146
    ]
}