{
    "target": "xauusd",
    "status": "RUNNING_OR_DONE",
    "epochs_trained": 6,
    "best_winrate": 60.96935079985927,
    "best_val_loss": 0.1726095899939537,
    "best_max_thresh": 0.52,
    "thresholds": [
        0.5,
        0.5067,
        0.5133,
        0.52
    ],
    "win_rates": [
        51.404958677685954,
        54.166666666666664,
        60.451977401129945,
        61.53846153846154
    ],
    "totals": [
        605,
        384,
        177,
        52
    ],
    "top_configs_saved": [
        {
            "strategy": "L3_1.4_L4_1.0",
            "score": 60.90467912501811,
            "epoch": 6,
            "max_thresh": 0.52,
            "thresholds": [
                0.5,
                0.5067,
                0.5133,
                0.52
            ],
            "win_rates": [
                51.404958677685954,
                54.166666666666664,
                60.451977401129945,
                61.53846153846154
            ],
            "totals": [
                605,
                384,
                177,
                52
            ]
        },
        {
            "strategy": "L3_1.1_L4_1.0",
            "score": 60.96935079985927,
            "epoch": 6,
            "max_thresh": 0.52,
            "thresholds": [
                0.5,
                0.5067,
                0.5133,
                0.52
            ],
            "win_rates": [
                51.404958677685954,
                54.166666666666664,
                60.451977401129945,
                61.53846153846154
            ],
            "totals": [
                605,
                384,
                177,
                52
            ]
        },
        {
            "strategy": "BEST_VLOSS",
            "score": -17.26095899939537,
            "epoch": 4,
            "max_thresh": 0.52,
            "thresholds": [
                0.5,
                0.5067,
                0.5133,
                0.52
            ],
            "win_rates": [
                53.553719008264466,
                53.70843989769821,
                59.48717948717949,
                56.00000000000001
            ],
            "totals": [
                605,
                391,
                195,
                50
            ]
        }
    ]
}