{
    "target": "xauusd",
    "status": "STOPPED",
    "epochs_trained": 86,
    "best_winrate": 62.16216216216216,
    "best_val_loss": 0.6930080387327406,
    "best_max_thresh": 0.77,
    "thresholds": [
        0.5,
        0.59,
        0.68,
        0.77
    ],
    "win_rates": [
        49.25028835063437,
        49.41594718131031,
        46.81933842239186,
        62.16216216216216
    ],
    "totals": [
        4335,
        1969,
        393,
        37
    ]
}