{
    "target": "xauusd",
    "version": "Independent_Multi_Session_v1.5",
    "epochs_trained": 118,
    "dimensions": {
        "num_features_target": 0,
        "num_features_macro": 36
    },
    "sessions": {
        "asia": {},
        "london": {
            "BEST_VLOSS": {
                "epoch": 24,
                "composite_score": -0.1724394828081131,
                "max_thresh": 0.53,
                "thresholds": [
                    0.5,
                    0.51,
                    0.52,
                    0.53
                ],
                "win_rates": [
                    54.302103250478005,
                    55.63063063063063,
                    57.8125,
                    55.952380952380956
                ],
                "totals": [
                    1046,
                    888,
                    384,
                    84
                ]
            },
            "BEST_WR_SAFE": {
                "epoch": 53,
                "composite_score": 0.6124401913875598,
                "max_thresh": 0.58,
                "thresholds": [
                    0.5,
                    0.5267,
                    0.5533,
                    0.58
                ],
                "win_rates": [
                    49.235181644359464,
                    52.11009174311927,
                    61.24401913875598,
                    64.70588235294117
                ],
                "totals": [
                    1046,
                    545,
                    209,
                    51
                ]
            },
            "BEST_WR_SHARP": {
                "epoch": 58,
                "composite_score": 0.7741935483870968,
                "max_thresh": 0.76,
                "thresholds": [
                    0.5,
                    0.5867,
                    0.6733,
                    0.76
                ],
                "win_rates": [
                    51.24282982791587,
                    52.86144578313253,
                    48.8235294117647,
                    77.41935483870968
                ],
                "totals": [
                    1046,
                    664,
                    340,
                    31
                ]
            }
        },
        "ny": {
            "BEST_VLOSS": {
                "epoch": 7,
                "composite_score": -0.1708279848098755,
                "max_thresh": 0.63,
                "thresholds": [
                    0.5,
                    0.5433,
                    0.5867,
                    0.63
                ],
                "win_rates": [
                    55.291576673866096,
                    61.61290322580645,
                    77.67857142857143,
                    73.33333333333333
                ],
                "totals": [
                    1389,
                    310,
                    112,
                    30
                ]
            },
            "BEST_WR_SAFE": {
                "epoch": 7,
                "composite_score": 0.7767857142857143,
                "max_thresh": 0.63,
                "thresholds": [
                    0.5,
                    0.5433,
                    0.5867,
                    0.63
                ],
                "win_rates": [
                    55.291576673866096,
                    61.61290322580645,
                    77.67857142857143,
                    73.33333333333333
                ],
                "totals": [
                    1389,
                    310,
                    112,
                    30
                ]
            },
            "BEST_WR_SHARP": {
                "epoch": 40,
                "composite_score": 0.8484848484848485,
                "max_thresh": 0.77,
                "thresholds": [
                    0.5,
                    0.59,
                    0.68,
                    0.77
                ],
                "win_rates": [
                    54.93160547156227,
                    58.108108108108105,
                    67.32673267326733,
                    84.84848484848484
                ],
                "totals": [
                    1389,
                    444,
                    101,
                    33
                ]
            }
        }
    }
}