{
    "target": "xauusd",
    "status": "RUNNING_OR_DONE",
    "epochs_trained": 23,
    "best_winrate": 63.5633836568416,
    "best_val_loss": 0.173758864402771,
    "best_max_thresh": 0.87,
    "thresholds": [
        0.5,
        0.6233,
        0.7467,
        0.87
    ],
    "win_rates": [
        50.313479623824456,
        49.26958831341302,
        58.41121495327103,
        69.23076923076923
    ],
    "totals": [
        2552,
        753,
        214,
        39
    ],
    "top_configs_saved": [
        {
            "strategy": "L3_1.4_L4_1.0",
            "score": 62.91936256889529,
            "epoch": 23,
            "max_thresh": 0.87,
            "thresholds": [
                0.5,
                0.6233,
                0.7467,
                0.87
            ],
            "win_rates": [
                50.313479623824456,
                49.26958831341302,
                58.41121495327103,
                69.23076923076923
            ],
            "totals": [
                2552,
                753,
                214,
                39
            ]
        },
        {
            "strategy": "L3_1.1_L4_1.0",
            "score": 63.5633836568416,
            "epoch": 23,
            "max_thresh": 0.87,
            "thresholds": [
                0.5,
                0.6233,
                0.7467,
                0.87
            ],
            "win_rates": [
                50.313479623824456,
                49.26958831341302,
                58.41121495327103,
                69.23076923076923
            ],
            "totals": [
                2552,
                753,
                214,
                39
            ]
        },
        {
            "strategy": "BEST_VLOSS",
            "score": -17.3758864402771,
            "epoch": 1,
            "max_thresh": 0.51,
            "thresholds": [
                0.5,
                0.5033,
                0.5067,
                0.51
            ],
            "win_rates": [
                46.78683385579937,
                45.98393574297189,
                45.392953929539296,
                47.89156626506024
            ],
            "totals": [
                2552,
                1494,
                738,
                332
            ]
        }
    ]
}