{
    "target": "xauusd",
    "version": "Independent_Multi_Session_v1.5",
    "epochs_trained": 5,
    "dimensions": {
        "num_features_target": 0,
        "num_features_macro": 21
    },
    "sessions": {
        "ny": {
            "L3_1.4_L4_1.0": {
                "epoch": 4,
                "composite_score": 0.6744053643724696,
                "max_thresh": 0.54,
                "thresholds": [
                    0.5,
                    0.5133,
                    0.5267,
                    0.54
                ],
                "win_rates": [
                    53.79365716579687,
                    57.88206979542719,
                    62.980769230769226,
                    73.68421052631578
                ],
                "totals": [
                    2491,
                    831,
                    208,
                    38
                ]
            },
            "L3_1.1_L4_1.0": {
                "epoch": 4,
                "composite_score": 0.6807764603817235,
                "max_thresh": 0.54,
                "thresholds": [
                    0.5,
                    0.5133,
                    0.5267,
                    0.54
                ],
                "win_rates": [
                    53.79365716579687,
                    57.88206979542719,
                    62.980769230769226,
                    73.68421052631578
                ],
                "totals": [
                    2491,
                    831,
                    208,
                    38
                ]
            },
            "BEST_VLOSS": {
                "epoch": 3,
                "composite_score": -0.17258716821670533,
                "max_thresh": 0.54,
                "thresholds": [
                    0.5,
                    0.5133,
                    0.5267,
                    0.54
                ],
                "win_rates": [
                    53.03091128061019,
                    54.40349781386633,
                    57.789855072463766,
                    61.47540983606557
                ],
                "totals": [
                    2491,
                    1601,
                    552,
                    122
                ]
            }
        }
    }
}