{
    "target": "xauusd",
    "version": "Independent_Multi_Session_v1.5",
    "epochs_trained": 1,
    "dimensions": {
        "num_features_target": 0,
        "num_features_macro": 21
    },
    "sessions": {
        "ny": {
            "L3_1.4_L4_1.0": {
                "epoch": 0,
                "composite_score": 0.5571459667453096,
                "max_thresh": 0.54,
                "thresholds": [
                    0.5,
                    0.5133,
                    0.5267,
                    0.54
                ],
                "win_rates": [
                    48.73544761140104,
                    49.36470588235294,
                    53.58527131782945,
                    58.69565217391305
                ],
                "totals": [
                    2491,
                    2125,
                    1032,
                    46
                ]
            },
            "L3_1.1_L4_1.0": {
                "epoch": 0,
                "composite_score": 0.5601878601120259,
                "max_thresh": 0.54,
                "thresholds": [
                    0.5,
                    0.5133,
                    0.5267,
                    0.54
                ],
                "win_rates": [
                    48.73544761140104,
                    49.36470588235294,
                    53.58527131782945,
                    58.69565217391305
                ],
                "totals": [
                    2491,
                    2125,
                    1032,
                    46
                ]
            },
            "BEST_VLOSS": {
                "epoch": 0,
                "composite_score": -0.17788351476192474,
                "max_thresh": 0.54,
                "thresholds": [
                    0.5,
                    0.5133,
                    0.5267,
                    0.54
                ],
                "win_rates": [
                    48.73544761140104,
                    49.36470588235294,
                    53.58527131782945,
                    58.69565217391305
                ],
                "totals": [
                    2491,
                    2125,
                    1032,
                    46
                ]
            }
        }
    }
}