{
    "target": "xagusd",
    "version": "Transformer_V3",
    "dimensions": {
        "num_features_target": 0,
        "num_features_macro": 38
    },
    "sessions": {
        "asian": {
            "BEST_VLOSS": {
                "epoch": 10,
                "max_threshold": 0.61,
                "composite_score": 0.5774175995024876,
                "val_loss": 0.3070654459297657,
                "threshold_metrics": [
                    {
                        "threshold": 0.53,
                        "total_signals": 229,
                        "win_rate": 0.5065502183406113,
                        "avg_win_return": 0.001,
                        "avg_loss_return": 0.001,
                        "ev_score": 0.5065502183406113,
                        "sharpe_score": 0.0,
                        "total_buy": 114,
                        "total_sell": 115
                    },
                    {
                        "threshold": 0.5567,
                        "total_signals": 192,
                        "win_rate": 0.5208333333333334,
                        "avg_win_return": 0.001,
                        "avg_loss_return": 0.001,
                        "ev_score": 0.5208333333333334,
                        "sharpe_score": 0.0,
                        "total_buy": 96,
                        "total_sell": 96
                    },
                    {
                        "threshold": 0.5833,
                        "total_signals": 160,
                        "win_rate": 0.56875,
                        "avg_win_return": 0.001,
                        "avg_loss_return": 0.001,
                        "ev_score": 0.56875,
                        "sharpe_score": 0.0,
                        "total_buy": 80,
                        "total_sell": 80
                    },
                    {
                        "threshold": 0.61,
                        "total_signals": 134,
                        "win_rate": 0.5895522388059702,
                        "avg_win_return": 0.001,
                        "avg_loss_return": 0.001,
                        "ev_score": 0.5895522388059702,
                        "sharpe_score": 0.0,
                        "total_buy": 67,
                        "total_sell": 67
                    }
                ],
                "win_rates": [
                    0.5065502183406113,
                    0.5208333333333334,
                    0.56875,
                    0.5895522388059702
                ],
                "thresholds": [
                    0.53,
                    0.5567,
                    0.5833,
                    0.61
                ],
                "totals": [
                    229,
                    192,
                    160,
                    134
                ]
            }
        }
    }
}