{
    "target": "ltcusdt",
    "version": "Transformer_V3",
    "dimensions": {
        "num_features_target": 0,
        "num_features_macro": 38
    },
    "sessions": {
        "asian": {
            "BEST_VLOSS": {
                "epoch": 1,
                "max_threshold": 0.58,
                "composite_score": 0.30083333333333334,
                "val_loss": 1.1301151443930233,
                "threshold_metrics": [
                    {
                        "threshold": 0.53,
                        "total_signals": 151,
                        "win_rate": 0.5695364238410596,
                        "avg_win_return": 0.001,
                        "avg_loss_return": 0.001,
                        "ev_score": 0.5695364238410596,
                        "sharpe_score": 0.0,
                        "total_buy": 75,
                        "total_sell": 76
                    },
                    {
                        "threshold": 0.5467,
                        "total_signals": 102,
                        "win_rate": 0.5980392156862745,
                        "avg_win_return": 0.001,
                        "avg_loss_return": 0.001,
                        "ev_score": 0.5980392156862745,
                        "sharpe_score": 0.0,
                        "total_buy": 51,
                        "total_sell": 51
                    },
                    {
                        "threshold": 0.5633,
                        "total_signals": 61,
                        "win_rate": 0.6229508196721312,
                        "avg_win_return": 0.001,
                        "avg_loss_return": 0.001,
                        "ev_score": 0.38,
                        "sharpe_score": 0.0,
                        "total_buy": 30,
                        "total_sell": 31
                    },
                    {
                        "threshold": 0.58,
                        "total_signals": 33,
                        "win_rate": 0.5757575757575758,
                        "avg_win_return": 0.001,
                        "avg_loss_return": 0.001,
                        "ev_score": 0.19000000000000003,
                        "sharpe_score": 0.0,
                        "total_buy": 16,
                        "total_sell": 17
                    }
                ],
                "win_rates": [
                    0.5695364238410596,
                    0.5980392156862745,
                    0.6229508196721312,
                    0.5757575757575758
                ],
                "thresholds": [
                    0.53,
                    0.5467,
                    0.5633,
                    0.58
                ],
                "totals": [
                    151,
                    102,
                    61,
                    33
                ]
            }
        }
    }
}