{
    "target": "ltcusdt",
    "version": "Transformer_V3",
    "dimensions": {
        "num_features_target": 0,
        "num_features_macro": 38
    },
    "sessions": {
        "ny": {
            "BEST_VLOSS": {
                "epoch": 8,
                "max_threshold": 0.69,
                "composite_score": 0.41303501724763975,
                "val_loss": 0.9637177353951989,
                "threshold_metrics": [
                    {
                        "threshold": 0.53,
                        "total_signals": 4159,
                        "win_rate": 0.5306564077903342,
                        "avg_win_return": 0.001,
                        "avg_loss_return": 0.001,
                        "ev_score": 0.07239648161872475,
                        "sharpe_score": 0.0,
                        "total_buy": 2079,
                        "total_sell": 2080
                    },
                    {
                        "threshold": 0.5833,
                        "total_signals": 1099,
                        "win_rate": 0.543221110100091,
                        "avg_win_return": 0.001,
                        "avg_loss_return": 0.001,
                        "ev_score": 0.29592614272307943,
                        "sharpe_score": 0.0,
                        "total_buy": 549,
                        "total_sell": 550
                    },
                    {
                        "threshold": 0.6367,
                        "total_signals": 255,
                        "win_rate": 0.6078431372549019,
                        "avg_win_return": 0.001,
                        "avg_loss_return": 0.001,
                        "ev_score": 0.5808278867102395,
                        "sharpe_score": 0.0,
                        "total_buy": 127,
                        "total_sell": 128
                    },
                    {
                        "threshold": 0.69,
                        "total_signals": 41,
                        "win_rate": 0.6097560975609756,
                        "avg_win_return": 0.001,
                        "avg_loss_return": 0.001,
                        "ev_score": 0.17812499999999998,
                        "sharpe_score": 0.0,
                        "total_buy": 20,
                        "total_sell": 21
                    }
                ],
                "win_rates": [
                    0.5306564077903342,
                    0.543221110100091,
                    0.6078431372549019,
                    0.6097560975609756
                ],
                "thresholds": [
                    0.53,
                    0.5833,
                    0.6367,
                    0.69
                ],
                "totals": [
                    4159,
                    1099,
                    255,
                    41
                ]
            }
        }
    }
}