{
    "target": "xauusd",
    "status": "RUNNING_OR_DONE",
    "epochs_trained": 0,
    "best_winrate": 45.86818000796495,
    "best_val_loss": 0.6484952767690023,
    "best_max_thresh": 0.61,
    "thresholds": [
        0.5,
        0.5367,
        0.5733,
        0.61
    ],
    "win_rates": [
        52.038834951456316,
        52.596314907872696,
        48.67724867724868,
        41.935483870967744
    ],
    "totals": [
        1030,
        597,
        189,
        31
    ],
    "top_configs_saved": [
        {
            "strategy": "L3_1.4_L4_1.0",
            "score": 45.86818000796495,
            "max_thresh": 0.61,
            "thresholds": [
                0.5,
                0.5367,
                0.5733,
                0.61
            ],
            "win_rates": [
                52.038834951456316,
                52.596314907872696,
                48.67724867724868,
                41.935483870967744
            ],
            "totals": [
                1030,
                597,
                189,
                31
            ]
        },
        {
            "strategy": "L3_1.1_L4_1.0",
            "score": 45.46688448378157,
            "max_thresh": 0.61,
            "thresholds": [
                0.5,
                0.5367,
                0.5733,
                0.61
            ],
            "win_rates": [
                52.038834951456316,
                52.596314907872696,
                48.67724867724868,
                41.935483870967744
            ],
            "totals": [
                1030,
                597,
                189,
                31
            ]
        },
        {
            "strategy": "BEST_VLOSS",
            "score": -64.84952767690024,
            "max_thresh": 0.61,
            "thresholds": [
                0.5,
                0.5367,
                0.5733,
                0.61
            ],
            "win_rates": [
                52.038834951456316,
                52.596314907872696,
                48.67724867724868,
                41.935483870967744
            ],
            "totals": [
                1030,
                597,
                189,
                31
            ]
        }
    ]
}