{
    "target": "xauusd",
    "status": "STOPPED",
    "epochs_trained": 74,
    "best_winrate": 76.31578947368422,
    "best_val_loss": 0.6968708804675511,
    "best_max_thresh": 0.82,
    "thresholds": [
        0.5,
        0.6067,
        0.7133,
        0.82
    ],
    "win_rates": [
        50.84503007734173,
        49.00776531492666,
        50.53763440860215,
        76.31578947368422
    ],
    "totals": [
        3491,
        1159,
        279,
        38
    ]
}