{
    "target": "xauusd",
    "version": "Independent_Multi_Session_v1.5",
    "epochs_trained": 370,
    "dimensions": {
        "num_features_target": 0,
        "num_features_macro": 21
    },
    "sessions": {
        "ny": {
            "L3_1.4_L4_1.0": {
                "epoch": 318,
                "composite_score": 0.7032928990805362,
                "max_thresh": 0.63,
                "thresholds": [
                    0.5,
                    0.5433,
                    0.5867,
                    0.63
                ],
                "win_rates": [
                    50.863107185869126,
                    53.876349362119726,
                    63.84180790960452,
                    79.41176470588235
                ],
                "totals": [
                    2491,
                    1019,
                    177,
                    34
                ]
            },
            "L3_1.1_L4_1.0": {
                "epoch": 318,
                "composite_score": 0.7125607305068921,
                "max_thresh": 0.63,
                "thresholds": [
                    0.5,
                    0.5433,
                    0.5867,
                    0.63
                ],
                "win_rates": [
                    50.863107185869126,
                    53.876349362119726,
                    63.84180790960452,
                    79.41176470588235
                ],
                "totals": [
                    2491,
                    1019,
                    177,
                    34
                ]
            },
            "BEST_VLOSS": {
                "epoch": 246,
                "composite_score": -0.6885531663894653,
                "max_thresh": 0.6,
                "thresholds": [
                    0.5,
                    0.5333,
                    0.5667,
                    0.6
                ],
                "win_rates": [
                    54.435969490164595,
                    56.85019206145967,
                    57.02127659574469,
                    70.73170731707317
                ],
                "totals": [
                    2491,
                    781,
                    235,
                    41
                ]
            }
        }
    }
}