{
    "target": "ltcusdt",
    "version": "Transformer_V3",
    "dimensions": {
        "num_features_target": 0,
        "num_features_macro": 38
    },
    "sessions": {
        "london": {
            "BEST_VLOSS": {
                "epoch": 2,
                "max_threshold": 0.56,
                "composite_score": 0.23550000000000001,
                "val_loss": 0.856524670825285,
                "threshold_metrics": [
                    {
                        "threshold": 0.53,
                        "total_signals": 216,
                        "win_rate": 0.39814814814814814,
                        "avg_win_return": 0.001,
                        "avg_loss_return": 0.001,
                        "ev_score": 0.24113197704747,
                        "sharpe_score": 0.0,
                        "total_buy": 108,
                        "total_sell": 108
                    },
                    {
                        "threshold": 0.54,
                        "total_signals": 144,
                        "win_rate": 0.4791666666666667,
                        "avg_win_return": 0.001,
                        "avg_loss_return": 0.001,
                        "ev_score": 0.29019953051643194,
                        "sharpe_score": 0.0,
                        "total_buy": 72,
                        "total_sell": 72
                    },
                    {
                        "threshold": 0.55,
                        "total_signals": 95,
                        "win_rate": 0.5052631578947369,
                        "avg_win_return": 0.001,
                        "avg_loss_return": 0.001,
                        "ev_score": 0.28800000000000003,
                        "sharpe_score": 0.0,
                        "total_buy": 47,
                        "total_sell": 48
                    },
                    {
                        "threshold": 0.56,
                        "total_signals": 53,
                        "win_rate": 0.5094339622641509,
                        "avg_win_return": 0.001,
                        "avg_loss_return": 0.001,
                        "ev_score": 0.162,
                        "sharpe_score": 0.0,
                        "total_buy": 26,
                        "total_sell": 27
                    }
                ],
                "win_rates": [
                    0.39814814814814814,
                    0.4791666666666667,
                    0.5052631578947369,
                    0.5094339622641509
                ],
                "thresholds": [
                    0.53,
                    0.54,
                    0.55,
                    0.56
                ],
                "totals": [
                    216,
                    144,
                    95,
                    53
                ]
            }
        }
    }
}