{
    "target": "xauusd",
    "version": "Independent_Multi_Session_v1.5",
    "epochs_trained": 19,
    "dimensions": {
        "num_features_target": 0,
        "num_features_macro": 21
    },
    "sessions": {
        "ny": {
            "L3_1.4_L4_1.0": {
                "epoch": 18,
                "composite_score": 0.7186988543371522,
                "max_thresh": 0.55,
                "thresholds": [
                    0.5,
                    0.5167,
                    0.5333,
                    0.55
                ],
                "win_rates": [
                    52.18787635487756,
                    54.22680412371134,
                    62.76595744680851,
                    84.61538461538461
                ],
                "totals": [
                    2491,
                    970,
                    188,
                    39
                ]
            },
            "L3_1.1_L4_1.0": {
                "epoch": 18,
                "composite_score": 0.7317044657470189,
                "max_thresh": 0.55,
                "thresholds": [
                    0.5,
                    0.5167,
                    0.5333,
                    0.55
                ],
                "win_rates": [
                    52.18787635487756,
                    54.22680412371134,
                    62.76595744680851,
                    84.61538461538461
                ],
                "totals": [
                    2491,
                    970,
                    188,
                    39
                ]
            },
            "BEST_VLOSS": {
                "epoch": 18,
                "composite_score": -0.17273688614368438,
                "max_thresh": 0.55,
                "thresholds": [
                    0.5,
                    0.5167,
                    0.5333,
                    0.55
                ],
                "win_rates": [
                    52.18787635487756,
                    54.22680412371134,
                    62.76595744680851,
                    84.61538461538461
                ],
                "totals": [
                    2491,
                    970,
                    188,
                    39
                ]
            }
        }
    }
}