{
    "target": "xauusd",
    "status": "RUNNING_OR_DONE",
    "epochs_trained": 281,
    "best_winrate": 69.19365079365079,
    "best_val_loss": 0.1722695678472519,
    "best_max_thresh": 0.74,
    "thresholds": [
        0.5,
        0.58,
        0.66,
        0.74
    ],
    "win_rates": [
        51.90713101160862,
        53.3724340175953,
        62.4,
        76.66666666666667
    ],
    "totals": [
        603,
        341,
        125,
        30
    ],
    "top_configs_saved": [
        {
            "strategy": "L3_1.4_L4_1.0",
            "score": 68.34444444444445,
            "epoch": 108,
            "max_thresh": 0.74,
            "thresholds": [
                0.5,
                0.58,
                0.66,
                0.74
            ],
            "win_rates": [
                51.90713101160862,
                53.3724340175953,
                62.4,
                76.66666666666667
            ],
            "totals": [
                603,
                341,
                125,
                30
            ]
        },
        {
            "strategy": "L3_1.1_L4_1.0",
            "score": 69.19365079365079,
            "epoch": 108,
            "max_thresh": 0.74,
            "thresholds": [
                0.5,
                0.58,
                0.66,
                0.74
            ],
            "win_rates": [
                51.90713101160862,
                53.3724340175953,
                62.4,
                76.66666666666667
            ],
            "totals": [
                603,
                341,
                125,
                30
            ]
        },
        {
            "strategy": "BEST_VLOSS",
            "score": -17.22695678472519,
            "epoch": 281,
            "max_thresh": 0.53,
            "thresholds": [
                0.5,
                0.51,
                0.52,
                0.53
            ],
            "win_rates": [
                54.8922056384743,
                55.19287833827893,
                54.37499999999999,
                57.35294117647059
            ],
            "totals": [
                603,
                337,
                160,
                68
            ]
        }
    ]
}