{
    "target": "xauusd",
    "version": "Independent_Multi_Session_v2.0",
    "dimensions": {
        "num_features_target": 18,
        "num_features_macro": 38
    },
    "sessions": {
        "asia": {
            "EV_L3_1.4_L4_1.0": {
                "epoch": 1,
                "max_threshold": 0.53,
                "composite_score": 0.0009171947996314293,
                "session_evs": {},
                "best_ev": 0.001007001381367445,
                "val_loss": 0.17348864674568176,
                "threshold_metrics": [
                    {
                        "threshold": 0.5,
                        "total_signals": 1580,
                        "win_rate": 48.54430379746835,
                        "avg_win_return": 0.0012449180940166116,
                        "avg_loss_return": 0.001275565242394805,
                        "ev_score": -5.201415440268071e-05,
                        "sharpe_score": -1.2086776754717146
                    },
                    {
                        "threshold": 0.51,
                        "total_signals": 226,
                        "win_rate": 60.17699115044248,
                        "avg_win_return": 0.0020915891509503126,
                        "avg_loss_return": 0.0017878569196909666,
                        "ev_score": 0.0005466769989250247,
                        "sharpe_score": 3.192675760517956
                    },
                    {
                        "threshold": 0.52,
                        "total_signals": 87,
                        "win_rate": 66.66666666666666,
                        "avg_win_return": 0.0025057238526642323,
                        "avg_loss_return": 0.0019904435612261295,
                        "ev_score": 0.001007001381367445,
                        "sharpe_score": 3.2878336029676745
                    },
                    {
                        "threshold": 0.53,
                        "total_signals": 46,
                        "win_rate": 58.69565217391305,
                        "avg_win_return": 0.0029224161989986897,
                        "avg_loss_return": 0.0022367273923009634,
                        "ev_score": 0.0007914655852010072,
                        "sharpe_score": 1.6674222962505845
                    }
                ]
            },
            "EV_L3_1.1_L4_1.0": {
                "epoch": 1,
                "max_threshold": 0.53,
                "composite_score": 0.0009043652879548557,
                "session_evs": {},
                "best_ev": 0.001007001381367445,
                "val_loss": 0.17348864674568176,
                "threshold_metrics": [
                    {
                        "threshold": 0.5,
                        "total_signals": 1580,
                        "win_rate": 48.54430379746835,
                        "avg_win_return": 0.0012449180940166116,
                        "avg_loss_return": 0.001275565242394805,
                        "ev_score": -5.201415440268071e-05,
                        "sharpe_score": -1.2086776754717146
                    },
                    {
                        "threshold": 0.51,
                        "total_signals": 226,
                        "win_rate": 60.17699115044248,
                        "avg_win_return": 0.0020915891509503126,
                        "avg_loss_return": 0.0017878569196909666,
                        "ev_score": 0.0005466769989250247,
                        "sharpe_score": 3.192675760517956
                    },
                    {
                        "threshold": 0.52,
                        "total_signals": 87,
                        "win_rate": 66.66666666666666,
                        "avg_win_return": 0.0025057238526642323,
                        "avg_loss_return": 0.0019904435612261295,
                        "ev_score": 0.001007001381367445,
                        "sharpe_score": 3.2878336029676745
                    },
                    {
                        "threshold": 0.53,
                        "total_signals": 46,
                        "win_rate": 58.69565217391305,
                        "avg_win_return": 0.0029224161989986897,
                        "avg_loss_return": 0.0022367273923009634,
                        "ev_score": 0.0007914655852010072,
                        "sharpe_score": 1.6674222962505845
                    }
                ]
            },
            "BEST_VLOSS": {
                "epoch": -1,
                "max_threshold": 0.53,
                "composite_score": -0.17344569166501364,
                "session_evs": {},
                "best_ev": 0.0010504926731054846,
                "val_loss": 0.17344569166501364,
                "threshold_metrics": [
                    {
                        "threshold": 0.5,
                        "total_signals": 1580,
                        "win_rate": 49.87341772151899,
                        "avg_win_return": 0.0012120073661208153,
                        "avg_loss_return": 0.0013091220753267407,
                        "ev_score": -5.1748657693402784e-05,
                        "sharpe_score": -1.2025082020062592
                    },
                    {
                        "threshold": 0.51,
                        "total_signals": 170,
                        "win_rate": 59.411764705882355,
                        "avg_win_return": 0.0022169877775013447,
                        "avg_loss_return": 0.0016549165593460202,
                        "ev_score": 0.0006454501348985906,
                        "sharpe_score": 3.3590036654519113
                    },
                    {
                        "threshold": 0.52,
                        "total_signals": 72,
                        "win_rate": 62.5,
                        "avg_win_return": 0.0023693786934018135,
                        "avg_loss_return": 0.0020613905508071184,
                        "ev_score": 0.000707840226823464,
                        "sharpe_score": 2.1558390422517872
                    },
                    {
                        "threshold": 0.53,
                        "total_signals": 37,
                        "win_rate": 67.56756756756756,
                        "avg_win_return": 0.0025274427607655525,
                        "avg_loss_return": 0.002026486676186323,
                        "ev_score": 0.0010504926731054846,
                        "sharpe_score": 2.166126644175088
                    }
                ]
            }
        },
        "london": {
            "EV_L3_1.4_L4_1.0": {
                "epoch": 0,
                "max_threshold": 0.52,
                "composite_score": 0.0004956569079995652,
                "session_evs": {},
                "best_ev": 0.0005197577773913985,
                "val_loss": 0.17341627180576324,
                "threshold_metrics": [
                    {
                        "threshold": 0.5,
                        "total_signals": 991,
                        "win_rate": 50.95862764883956,
                        "avg_win_return": 0.0010275745298713446,
                        "avg_loss_return": 0.0009770680917426944,
                        "ev_score": 4.447027749553947e-05,
                        "sharpe_score": 1.127892951252549
                    },
                    {
                        "threshold": 0.5067,
                        "total_signals": 308,
                        "win_rate": 59.41558441558441,
                        "avg_win_return": 0.0010607520816847682,
                        "avg_loss_return": 0.0010343424510210752,
                        "ev_score": 0.0002104702096450589,
                        "sharpe_score": 2.9129990148583054
                    },
                    {
                        "threshold": 0.5133,
                        "total_signals": 122,
                        "win_rate": 70.49180327868852,
                        "avg_win_return": 0.0011618067510426044,