{
    "target": "xauusd",
    "version": "Independent_Multi_Session_v2.0",
    "dimensions": {
        "num_features_target": 15,
        "num_features_macro": 41
    },
    "sessions": {
        "asia": {
            "EV_L3_1.4_L4_1.0": {
                "epoch": 0,
                "max_threshold": 0.5,
                "composite_score": 5.148392984101285e-05,
                "session_evs": {},
                "best_ev": 5.148392984101284e-05,
                "val_loss": 0.17332455267508826,
                "threshold_metrics": [
                    {
                        "threshold": 0.5,
                        "total_signals": 1580,
                        "win_rate": 50.25316455696203,
                        "avg_win_return": 0.0013055612798780203,
                        "avg_loss_return": 0.0012153575662523508,
                        "ev_score": 5.148392984101284e-05,
                        "sharpe_score": 1.1963565948344468
                    },
                    {
                        "threshold": 0.5,
                        "total_signals": 1580,
                        "win_rate": 50.25316455696203,
                        "avg_win_return": 0.0013055612798780203,
                        "avg_loss_return": 0.0012153575662523508,
                        "ev_score": 5.148392984101284e-05,
                        "sharpe_score": 1.1963565948344468
                    },
                    {
                        "threshold": 0.5,
                        "total_signals": 1580,
                        "win_rate": 50.25316455696203,
                        "avg_win_return": 0.0013055612798780203,
                        "avg_loss_return": 0.0012153575662523508,
                        "ev_score": 5.148392984101284e-05,
                        "sharpe_score": 1.1963565948344468
                    },
                    {
                        "threshold": 0.5,
                        "total_signals": 1580,
                        "win_rate": 50.25316455696203,
                        "avg_win_return": 0.0013055612798780203,
                        "avg_loss_return": 0.0012153575662523508,
                        "ev_score": 5.148392984101284e-05,
                        "sharpe_score": 1.1963565948344468
                    }
                ]
            },
            "EV_L3_1.1_L4_1.0": {
                "epoch": 0,
                "max_threshold": 0.5,
                "composite_score": 5.148392984101284e-05,
                "session_evs": {},
                "best_ev": 5.148392984101284e-05,
                "val_loss": 0.17332455267508826,
                "threshold_metrics": [
                    {
                        "threshold": 0.5,
                        "total_signals": 1580,
                        "win_rate": 50.25316455696203,
                        "avg_win_return": 0.0013055612798780203,
                        "avg_loss_return": 0.0012153575662523508,
                        "ev_score": 5.148392984101284e-05,
                        "sharpe_score": 1.1963565948344468
                    },
                    {
                        "threshold": 0.5,
                        "total_signals": 1580,
                        "win_rate": 50.25316455696203,
                        "avg_win_return": 0.0013055612798780203,
                        "avg_loss_return": 0.0012153575662523508,
                        "ev_score": 5.148392984101284e-05,
                        "sharpe_score": 1.1963565948344468
                    },
                    {
                        "threshold": 0.5,
                        "total_signals": 1580,
                        "win_rate": 50.25316455696203,
                        "avg_win_return": 0.0013055612798780203,
                        "avg_loss_return": 0.0012153575662523508,
                        "ev_score": 5.148392984101284e-05,
                        "sharpe_score": 1.1963565948344468
                    },
                    {
                        "threshold": 0.5,
                        "total_signals": 1580,
                        "win_rate": 50.25316455696203,
                        "avg_win_return": 0.0013055612798780203,
                        "avg_loss_return": 0.0012153575662523508,
                        "ev_score": 5.148392984101284e-05,
                        "sharpe_score": 1.1963565948344468
                    }
                ]
            },
            "BEST_VLOSS": {
                "epoch": 0,
                "max_threshold": 0.5,
                "composite_score": -0.17332455267508826,
                "session_evs": {},
                "best_ev": 5.148392984101284e-05,
                "val_loss": 0.17332455267508826,
                "threshold_metrics": [
                    {
                        "threshold": 0.5,
                        "total_signals": 1580,
                        "win_rate": 50.25316455696203,
                        "avg_win_return": 0.0013055612798780203,
                        "avg_loss_return": 0.0012153575662523508,
                        "ev_score": 5.148392984101284e-05,
                        "sharpe_score": 1.1963565948344468
                    },
                    {
                        "threshold": 0.5,
                        "total_signals": 1580,
                        "win_rate": 50.25316455696203,
                        "avg_win_return": 0.0013055612798780203,
                        "avg_loss_return": 0.0012153575662523508,
                        "ev_score": 5.148392984101284e-05,
                        "sharpe_score": 1.1963565948344468
                    },
                    {
                        "threshold": 0.5,
                        "total_signals": 1580,
                        "win_rate": 50.25316455696203,
                        "avg_win_return": 0.0013055612798780203,
                        "avg_loss_return": 0.0012153575662523508,
                        "ev_score": 5.148392984101284e-05,
                        "sharpe_score": 1.1963565948344468
                    },
                    {
                        "threshold": 0.5,
                        "total_signals": 1580,
                        "win_rate": 50.25316455696203,
                        "avg_win_return": 0.0013055612798780203,
                        "avg_loss_return": 0.0012153575662523508,
                        "ev_score": 5.148392984101284e-05,
                        "sharpe_score": 1.1963565948344468
                    }
                ]
            }
        },
        "london": {
            "EV_L3_1.4_L4_1.0": {
                "epoch": 2,
                "max_threshold": 0.5,
                "composite_score": 2.003835836532548e-05,
                "session_evs": {},
                "best_ev": 2.003835836532548e-05,
                "val_loss": 0.17334961678300584,
                "threshold_metrics": [
                    {
                        "threshold": 0.5,
                        "total_signals": 991,
                        "win_rate": 51.76589303733602,
                        "avg_win_return": 0.000987951410934329,
                        "avg_loss_return": 0.0010187469888478518,
                        "ev_score": 2.003835836532548e-05,
                        "sharpe_score": 0.5082298656038325
                    },
                    {
                        "threshold": 0.5,
                        "total_signals": 991,
                        "win_rate": 51.76589303733602,
                        "avg_win_return": 0.000987951410934329,
                        "avg_loss_return": 0.0010187469888478518,
                        "ev_score": 2.003835836532548e-05,
                        "sharpe_score": 0.5082298656038325
                    },
                    {
                        "threshold": 0.5,
                        "total_signals": 991,
                        "win_rate": 51.76589303733602,