{
    "target": "xauusd",
    "status": "RUNNING_OR_DONE",
    "epochs_trained": 1,
    "best_winrate": 48.190104166666664,
    "best_val_loss": 0.173238106071949,
    "best_max_thresh": 0.52,
    "thresholds": [
        0.5,
        0.5067,
        0.5133,
        0.52
    ],
    "win_rates": [
        52.08845208845209,
        55.81896551724138,
        48.57142857142857,
        47.65625
    ],
    "totals": [
        814,
        464,
        245,
        128
    ],
    "top_configs_saved": [
        {
            "strategy": "L3_1.4_L4_1.0",
            "score": 48.190104166666664,
            "epoch": 1,
            "max_thresh": 0.52,
            "thresholds": [
                0.5,
                0.5067,
                0.5133,
                0.52
            ],
            "win_rates": [
                52.08845208845209,
                55.81896551724138,
                48.57142857142857,
                47.65625
            ],
            "totals": [
                814,
                464,
                245,
                128
            ]
        },
        {
            "strategy": "L3_1.1_L4_1.0",
            "score": 48.13562925170068,
            "epoch": 1,
            "max_thresh": 0.52,
            "thresholds": [
                0.5,
                0.5067,
                0.5133,
                0.52
            ],
            "win_rates": [
                52.08845208845209,
                55.81896551724138,
                48.57142857142857,
                47.65625
            ],
            "totals": [
                814,
                464,
                245,
                128
            ]
        },
        {
            "strategy": "BEST_VLOSS",
            "score": -17.3238106071949,
            "epoch": 1,
            "max_thresh": 0.52,
            "thresholds": [
                0.5,
                0.5067,
                0.5133,
                0.52
            ],
            "win_rates": [
                52.08845208845209,
                55.81896551724138,
                48.57142857142857,
                47.65625
            ],
            "totals": [
                814,
                464,
                245,
                128
            ]
        }
    ]
}