{
    "target": "usoilusd",
    "status": "STOPPED",
    "epochs_trained": 3,
    "best_winrate": 45.16129032258064,
    "best_val_loss": 0.694207638502121,
    "best_max_thresh": 0.68,
    "thresholds": [
        0.5,
        0.56,
        0.62,
        0.68
    ],
    "win_rates": [
        48.97959183673469,
        62.03208556149733,
        60.0,
        45.16129032258064
    ],
    "totals": [
        5047,
        187,
        65,
        31
    ]
}