{
    "target": "xauusd",
    "status": "RUNNING_OR_DONE",
    "epochs_trained": 1,
    "best_winrate": 52.60752582455036,
    "best_val_loss": 0.1746615618467331,
    "best_max_thresh": 0.54,
    "thresholds": [
        0.5,
        0.5133,
        0.5267,
        0.54
    ],
    "win_rates": [
        50.859950859950864,
        51.737451737451735,
        53.78323108384458,
        50.96153846153846
    ],
    "totals": [
        814,
        777,
        489,
        104
    ],
    "top_configs_saved": [
        {
            "strategy": "L3_1.4_L4_1.0",
            "score": 52.60752582455036,
            "epoch": 1,
            "max_thresh": 0.54,
            "thresholds": [
                0.5,
                0.5133,
                0.5267,
                0.54
            ],
            "win_rates": [
                50.859950859950864,
                51.737451737451735,
                53.78323108384458,
                50.96153846153846
            ],
            "totals": [
                814,
                777,
                489,
                104
            ]
        },
        {
            "strategy": "L3_1.1_L4_1.0",
            "score": 52.439567930365484,
            "epoch": 1,
            "max_thresh": 0.54,
            "thresholds": [
                0.5,
                0.5133,
                0.5267,
                0.54
            ],
            "win_rates": [
                50.859950859950864,
                51.737451737451735,
                53.78323108384458,
                50.96153846153846
            ],
            "totals": [
                814,
                777,
                489,
                104
            ]
        },
        {
            "strategy": "BEST_VLOSS",
            "score": -17.46615618467331,
            "epoch": 1,
            "max_thresh": 0.54,
            "thresholds": [
                0.5,
                0.5133,
                0.5267,
                0.54
            ],
            "win_rates": [
                50.859950859950864,
                51.737451737451735,
                53.78323108384458,
                50.96153846153846
            ],
            "totals": [
                814,
                777,
                489,
                104
            ]
        }
    ]
}