{
    "target": "xauusd",
    "version": "Transformer_V3",
    "dimensions": {
        "num_features_target": 0,
        "num_features_macro": 38
    },
    "sessions": {
        "ny": {
            "BEST_VLOSS": {
                "epoch": 1,
                "max_threshold": 0.73,
                "composite_score": 0.8393536585365854,
                "val_loss": 0.859926345593789,
                "threshold_metrics": [
                    {
                        "threshold": 0.53,
                        "total_signals": 3398,
                        "win_rate": 0.5585638610947616,
                        "avg_win_return": 0.001,
                        "avg_loss_return": 0.001,
                        "ev_score": 0.027606855758170054,
                        "sharpe_score": 0.0,
                        "total_buy": 1699,
                        "total_sell": 1699
                    },
                    {
                        "threshold": 0.5967,
                        "total_signals": 254,
                        "win_rate": 0.7874015748031497,
                        "avg_win_return": 0.001,
                        "avg_loss_return": 0.001,
                        "ev_score": 0.5738309348959124,
                        "sharpe_score": 0.0,
                        "total_buy": 127,
                        "total_sell": 127
                    },
                    {
                        "threshold": 0.6633,
                        "total_signals": 80,
                        "win_rate": 0.95,
                        "avg_win_return": 0.001,
                        "avg_loss_return": 0.001,
                        "ev_score": 0.9314634146341463,
                        "sharpe_score": 0.0,
                        "total_buy": 40,
                        "total_sell": 40
                    },
                    {
                        "threshold": 0.73,
                        "total_signals": 38,
                        "win_rate": 0.9736842105263158,
                        "avg_win_return": 0.001,
                        "avg_loss_return": 0.001,
                        "ev_score": 0.7104,
                        "sharpe_score": 0.0,
                        "total_buy": 19,
                        "total_sell": 19
                    }
                ],
                "win_rates": [
                    0.5585638610947616,
                    0.7874015748031497,
                    0.95,
                    0.9736842105263158
                ],
                "thresholds": [
                    0.53,
                    0.5967,
                    0.6633,
                    0.73
                ],
                "totals": [
                    3398,
                    254,
                    80,
                    38
                ]
            }
        }
    }
}