{
    "target": "ltcusdt",
    "version": "Transformer_V3",
    "dimensions": {
        "num_features_target": 0,
        "num_features_macro": 38
    },
    "sessions": {
        "ny": {
            "BEST_VLOSS": {
                "epoch": 7,
                "max_threshold": 0.65,
                "composite_score": 0.3701934046345811,
                "val_loss": 1.0125845273335774,
                "threshold_metrics": [
                    {
                        "threshold": 0.53,
                        "total_signals": 1467,
                        "win_rate": 0.5405589638718473,
                        "avg_win_return": 0.001,
                        "avg_loss_return": 0.001,
                        "ev_score": 0.19130837668015796,
                        "sharpe_score": 0.0,
                        "total_buy": 733,
                        "total_sell": 734
                    },
                    {
                        "threshold": 0.57,
                        "total_signals": 369,
                        "win_rate": 0.5907859078590786,
                        "avg_win_return": 0.001,
                        "avg_loss_return": 0.001,
                        "ev_score": 0.4726287262872629,
                        "sharpe_score": 0.0,
                        "total_buy": 184,
                        "total_sell": 185
                    },
                    {
                        "threshold": 0.61,
                        "total_signals": 93,
                        "win_rate": 0.7096774193548387,
                        "avg_win_return": 0.001,
                        "avg_loss_return": 0.001,
                        "ev_score": 0.49305882352941177,
                        "sharpe_score": 0.0,
                        "total_buy": 46,
                        "total_sell": 47
                    },
                    {
                        "threshold": 0.65,
                        "total_signals": 38,
                        "win_rate": 0.7894736842105263,
                        "avg_win_return": 0.001,
                        "avg_loss_return": 0.001,
                        "ev_score": 0.1981818181818182,
                        "sharpe_score": 0.0,
                        "total_buy": 19,
                        "total_sell": 19
                    }
                ],
                "win_rates": [
                    0.5405589638718473,
                    0.5907859078590786,
                    0.7096774193548387,
                    0.7894736842105263
                ],
                "thresholds": [
                    0.53,
                    0.57,
                    0.61,
                    0.65
                ],
                "totals": [
                    1467,
                    369,
                    93,
                    38
                ]
            }
        }
    }
}