{
    "target": "xauusd",
    "status": "RUNNING_OR_DONE",
    "epochs_trained": 44,
    "best_winrate": 69.77175298343181,
    "best_val_loss": 0.17291501057999475,
    "best_max_thresh": 0.68,
    "thresholds": [
        0.5,
        0.56,
        0.62,
        0.68
    ],
    "win_rates": [
        49.133293484757914,
        50.79754601226993,
        63.503649635036496,
        76.66666666666667
    ],
    "totals": [
        3346,
        815,
        137,
        30
    ],
    "top_configs_saved": [
        {
            "strategy": "L3_1.4_L4_1.0",
            "score": 68.9882400648824,
            "epoch": 21,
            "max_thresh": 0.68,
            "thresholds": [
                0.5,
                0.56,
                0.62,
                0.68
            ],
            "win_rates": [
                49.133293484757914,
                50.79754601226993,
                63.503649635036496,
                76.66666666666667
            ],
            "totals": [
                3346,
                815,
                137,
                30
            ]
        },
        {
            "strategy": "L3_1.1_L4_1.0",
            "score": 69.77175298343181,
            "epoch": 21,
            "max_thresh": 0.68,
            "thresholds": [
                0.5,
                0.56,
                0.62,
                0.68
            ],
            "win_rates": [
                49.133293484757914,
                50.79754601226993,
                63.503649635036496,
                76.66666666666667
            ],
            "totals": [
                3346,
                815,
                137,
                30
            ]
        },
        {
            "strategy": "BEST_VLOSS",
            "score": -17.291501057999476,
            "epoch": 44,
            "max_thresh": 0.55,
            "thresholds": [
                0.5,
                0.5167,
                0.5333,
                0.55
            ],
            "win_rates": [
                52.361028093245665,
                54.075235109717866,
                52.816901408450704,
                57.77777777777777
            ],
            "totals": [
                3346,
                638,
                142,
                45
            ]
        }
    ]
}