{
    "target": "xauusd",
    "status": "RUNNING_OR_DONE",
    "epochs_trained": 27,
    "best_winrate": 60.77737077737078,
    "best_val_loss": 0.17291501057999475,
    "best_max_thresh": 0.73,
    "thresholds": [
        0.5,
        0.5767,
        0.6533,
        0.73
    ],
    "win_rates": [
        50.65750149432158,
        51.836158192090394,
        57.948717948717956,
        63.888888888888886
    ],
    "totals": [
        3346,
        708,
        195,
        36
    ],
    "top_configs_saved": [
        {
            "strategy": "L3_1.4_L4_1.0",
            "score": 60.423789173789174,
            "epoch": 27,
            "max_thresh": 0.73,
            "thresholds": [
                0.5,
                0.5767,
                0.6533,
                0.73
            ],
            "win_rates": [
                50.65750149432158,
                51.836158192090394,
                57.948717948717956,
                63.888888888888886
            ],
            "totals": [
                3346,
                708,
                195,
                36
            ]
        },
        {
            "strategy": "L3_1.1_L4_1.0",
            "score": 60.77737077737078,
            "epoch": 27,
            "max_thresh": 0.73,
            "thresholds": [
                0.5,
                0.5767,
                0.6533,
                0.73
            ],
            "win_rates": [
                50.65750149432158,
                51.836158192090394,
                57.948717948717956,
                63.888888888888886
            ],
            "totals": [
                3346,
                708,
                195,
                36
            ]
        },
        {
            "strategy": "BEST_VLOSS",
            "score": -17.291501057999476,
            "epoch": 0,
            "max_thresh": 0.55,
            "thresholds": [
                0.5,
                0.5167,
                0.5333,
                0.55
            ],
            "win_rates": [
                52.361028093245665,
                54.075235109717866,
                52.816901408450704,
                57.77777777777777
            ],
            "totals": [
                3346,
                638,
                142,
                45
            ]
        }
    ]
}