{
    "target": "xauusd",
    "status": "RUNNING_OR_DONE",
    "epochs_trained": 4,
    "best_winrate": 57.386593128038,
    "best_val_loss": 0.17286761850118637,
    "best_max_thresh": 0.52,
    "thresholds": [
        0.5,
        0.5067,
        0.5133,
        0.52
    ],
    "win_rates": [
        48.894348894348894,
        52.42718446601942,
        53.61216730038023,
        61.53846153846154
    ],
    "totals": [
        814,
        515,
        263,
        91
    ],
    "top_configs_saved": [
        {
            "strategy": "L3_1.4_L4_1.0",
            "score": 56.914789899580775,
            "epoch": 2,
            "max_thresh": 0.52,
            "thresholds": [
                0.5,
                0.5067,
                0.5133,
                0.52
            ],
            "win_rates": [
                48.894348894348894,
                52.42718446601942,
                53.61216730038023,
                61.53846153846154
            ],
            "totals": [
                814,
                515,
                263,
                91
            ]
        },
        {
            "strategy": "L3_1.1_L4_1.0",
            "score": 57.386593128038,
            "epoch": 2,
            "max_thresh": 0.52,
            "thresholds": [
                0.5,
                0.5067,
                0.5133,
                0.52
            ],
            "win_rates": [
                48.894348894348894,
                52.42718446601942,
                53.61216730038023,
                61.53846153846154
            ],
            "totals": [
                814,
                515,
                263,
                91
            ]
        },
        {
            "strategy": "BEST_VLOSS",
            "score": -17.286761850118637,
            "epoch": 4,
            "max_thresh": 0.52,
            "thresholds": [
                0.5,
                0.5067,
                0.5133,
                0.52
            ],
            "win_rates": [
                55.03685503685504,
                53.529411764705884,
                51.181102362204726,
                56.03448275862068
            ],
            "totals": [
                814,
                510,
                254,
                116
            ]
        }
    ]
}