{
    "target": "xauusd",
    "status": "RUNNING_OR_DONE",
    "epochs_trained": 13,
    "best_winrate": 59.58049886621315,
    "best_val_loss": 0.1726546809077263,
    "best_max_thresh": 0.52,
    "thresholds": [
        0.5,
        0.5067,
        0.5133,
        0.52
    ],
    "win_rates": [
        53.51437699680511,
        53.25443786982249,
        52.38095238095239,
        67.5
    ],
    "totals": [
        626,
        338,
        126,
        40
    ],
    "top_configs_saved": [
        {
            "strategy": "L3_1.4_L4_1.0",
            "score": 58.68055555555556,
            "epoch": 3,
            "max_thresh": 0.52,
            "thresholds": [
                0.5,
                0.5067,
                0.5133,
                0.52
            ],
            "win_rates": [
                53.51437699680511,
                53.25443786982249,
                52.38095238095239,
                67.5
            ],
            "totals": [
                626,
                338,
                126,
                40
            ]
        },
        {
            "strategy": "L3_1.1_L4_1.0",
            "score": 59.58049886621315,
            "epoch": 3,
            "max_thresh": 0.52,
            "thresholds": [
                0.5,
                0.5067,
                0.5133,
                0.52
            ],
            "win_rates": [
                53.51437699680511,
                53.25443786982249,
                52.38095238095239,
                67.5
            ],
            "totals": [
                626,
                338,
                126,
                40
            ]
        },
        {
            "strategy": "BEST_VLOSS",
            "score": -17.26546809077263,
            "epoch": 13,
            "max_thresh": 0.53,
            "thresholds": [
                0.5,
                0.51,
                0.52,
                0.53
            ],
            "win_rates": [
                53.99361022364217,
                51.651651651651655,
                54.88721804511278,
                52.94117647058824
            ],
            "totals": [
                626,
                333,
                133,
                51
            ]
        }
    ]
}