{
    "target": "xauusd",
    "status": "RUNNING_OR_DONE",
    "epochs_trained": 22,
    "best_winrate": 66.92632197257934,
    "best_val_loss": 0.17282211035490036,
    "best_max_thresh": 0.56,
    "thresholds": [
        0.5,
        0.52,
        0.54,
        0.56
    ],
    "win_rates": [
        50.505050505050505,
        49.87893462469734,
        54.59770114942529,
        80.48780487804879
    ],
    "totals": [
        792,
        413,
        174,
        41
    ],
    "top_configs_saved": [
        {
            "strategy": "L3_1.4_L4_1.0",
            "score": 65.38524436968508,
            "epoch": 22,
            "max_thresh": 0.56,
            "thresholds": [
                0.5,
                0.52,
                0.54,
                0.56
            ],
            "win_rates": [
                50.505050505050505,
                49.87893462469734,
                54.59770114942529,
                80.48780487804879
            ],
            "totals": [
                792,
                413,
                174,
                41
            ]
        },
        {
            "strategy": "L3_1.1_L4_1.0",
            "score": 66.92632197257934,
            "epoch": 22,
            "max_thresh": 0.56,
            "thresholds": [
                0.5,
                0.52,
                0.54,
                0.56
            ],
            "win_rates": [
                50.505050505050505,
                49.87893462469734,
                54.59770114942529,
                80.48780487804879
            ],
            "totals": [
                792,
                413,
                174,
                41
            ]
        },
        {
            "strategy": "BEST_VLOSS",
            "score": -17.282211035490036,
            "epoch": 2,
            "max_thresh": 0.52,
            "thresholds": [
                0.5,
                0.5067,
                0.5133,
                0.52
            ],
            "win_rates": [
                53.03030303030303,
                55.60081466395111,
                53.05343511450382,
                54.83870967741935
            ],
            "totals": [
                792,
                491,
                262,
                124
            ]
        }
    ]
}