{
    "target": "ltcusdt",
    "version": "Transformer_V3",
    "dimensions": {
        "num_features_target": 0,
        "num_features_macro": 38
    },
    "sessions": {
        "london": {
            "BEST_VLOSS": {
                "epoch": 1,
                "max_threshold": 0.57,
                "composite_score": 0.05964516129032258,
                "val_loss": 0.8831259910740069,
                "threshold_metrics": [
                    {
                        "threshold": 0.53,
                        "total_signals": 139,
                        "win_rate": 0.26618705035971224,
                        "avg_win_return": 0.001,
                        "avg_loss_return": 0.001,
                        "ev_score": 0.18193306224585548,
                        "sharpe_score": 0.0,
                        "total_buy": 69,
                        "total_sell": 70
                    },
                    {
                        "threshold": 0.5433,
                        "total_signals": 96,
                        "win_rate": 0.19791666666666666,
                        "avg_win_return": 0.001,
                        "avg_loss_return": 0.001,
                        "ev_score": 0.12590361445783133,
                        "sharpe_score": 0.0,
                        "total_buy": 48,
                        "total_sell": 48
                    },
                    {
                        "threshold": 0.5567,
                        "total_signals": 60,
                        "win_rate": 0.2,
                        "avg_win_return": 0.001,
                        "avg_loss_return": 0.001,
                        "ev_score": 0.07542857142857143,
                        "sharpe_score": 0.0,
                        "total_buy": 30,
                        "total_sell": 30
                    },
                    {
                        "threshold": 0.57,
                        "total_signals": 33,
                        "win_rate": 0.18181818181818182,
                        "avg_win_return": 0.001,
                        "avg_loss_return": 0.001,
                        "ev_score": 0.03754838709677419,
                        "sharpe_score": 0.0,
                        "total_buy": 16,
                        "total_sell": 17
                    }
                ],
                "win_rates": [
                    0.26618705035971224,
                    0.19791666666666666,
                    0.2,
                    0.18181818181818182
                ],
                "thresholds": [
                    0.53,
                    0.5433,
                    0.5567,
                    0.57
                ],
                "totals": [
                    139,
                    96,
                    60,
                    33
                ]
            }
        }
    }
}