{
    "target": "xauusd",
    "status": "RUNNING_OR_DONE",
    "epochs_trained": 2,
    "best_winrate": 54.02879515029048,
    "best_val_loss": 0.17335013300180435,
    "best_max_thresh": 0.53,
    "thresholds": [
        0.5,
        0.51,
        0.52,
        0.53
    ],
    "win_rates": [
        49.385749385749385,
        48.15950920245399,
        50.93457943925234,
        57.432432432432435
    ],
    "totals": [
        814,
        652,
        428,
        148
    ],
    "top_configs_saved": [
        {
            "strategy": "L3_1.4_L4_1.0",
            "score": 53.64201818641072,
            "epoch": 2,
            "max_thresh": 0.53,
            "thresholds": [
                0.5,
                0.51,
                0.52,
                0.53
            ],
            "win_rates": [
                49.385749385749385,
                48.15950920245399,
                50.93457943925234,
                57.432432432432435
            ],
            "totals": [
                814,
                652,
                428,
                148
            ]
        },
        {
            "strategy": "L3_1.1_L4_1.0",
            "score": 54.02879515029048,
            "epoch": 2,
            "max_thresh": 0.53,
            "thresholds": [
                0.5,
                0.51,
                0.52,
                0.53
            ],
            "win_rates": [
                49.385749385749385,
                48.15950920245399,
                50.93457943925234,
                57.432432432432435
            ],
            "totals": [
                814,
                652,
                428,
                148
            ]
        },
        {
            "strategy": "BEST_VLOSS",
            "score": -17.335013300180435,
            "epoch": 1,
            "max_thresh": 0.53,
            "thresholds": [
                0.5,
                0.51,
                0.52,
                0.53
            ],
            "win_rates": [
                52.579852579852584,
                54.87077534791253,
                49.14529914529914,
                55.952380952380956
            ],
            "totals": [
                814,
                503,
                234,
                84
            ]
        }
    ]
}