{
    "target": "xauusd",
    "status": "RUNNING_OR_DONE",
    "epochs_trained": 5,
    "best_winrate": 71.32936507936508,
    "best_val_loss": 0.17283935099840164,
    "best_max_thresh": 0.53,
    "thresholds": [
        0.5,
        0.51,
        0.52,
        0.53
    ],
    "win_rates": [
        51.47420147420148,
        52.63157894736842,
        60.416666666666664,
        83.33333333333334
    ],
    "totals": [
        814,
        456,
        144,
        30
    ],
    "top_configs_saved": [
        {
            "strategy": "L3_1.4_L4_1.0",
            "score": 69.96527777777779,
            "epoch": 5,
            "max_thresh": 0.53,
            "thresholds": [
                0.5,
                0.51,
                0.52,
                0.53
            ],
            "win_rates": [
                51.47420147420148,
                52.63157894736842,
                60.416666666666664,
                83.33333333333334
            ],
            "totals": [
                814,
                456,
                144,
                30
            ]
        },
        {
            "strategy": "L3_1.1_L4_1.0",
            "score": 71.32936507936508,
            "epoch": 5,
            "max_thresh": 0.53,
            "thresholds": [
                0.5,
                0.51,
                0.52,
                0.53
            ],
            "win_rates": [
                51.47420147420148,
                52.63157894736842,
                60.416666666666664,
                83.33333333333334
            ],
            "totals": [
                814,
                456,
                144,
                30
            ]
        },
        {
            "strategy": "BEST_VLOSS",
            "score": -17.283935099840164,
            "epoch": 4,
            "max_thresh": 0.53,
            "thresholds": [
                0.5,
                0.51,
                0.52,
                0.53
            ],
            "win_rates": [
                52.21130221130221,
                53.46534653465347,
                59.44055944055944,
                73.80952380952381
            ],
            "totals": [
                814,
                404,
                143,
                42
            ]
        }
    ]
}