{
    "target": "ltcusd",
    "status": "STOPPED",
    "epochs_trained": 2,
    "best_winrate": 58.82352941176471,
    "best_val_loss": 0.6941129863262177,
    "best_max_thresh": 0.68,
    "thresholds": [
        0.5,
        0.56,
        0.62,
        0.68
    ],
    "win_rates": [
        51.99680511182109,
        52.64,
        57.25806451612904,
        58.82352941176471
    ],
    "totals": [
        5008,
        625,
        124,
        34
    ]
}