{
    "target": "xauusd",
    "status": "RUNNING_OR_DONE",
    "epochs_trained": 263,
    "best_winrate": 74.48046052697215,
    "best_val_loss": 0.17208459973335266,
    "best_max_thresh": 0.54,
    "thresholds": [
        0.5,
        0.5133,
        0.5267,
        0.54
    ],
    "win_rates": [
        50.90455396132252,
        54.07066052227343,
        63.565891472868216,
        86.48648648648648
    ],
    "totals": [
        1603,
        651,
        129,
        37
    ],
    "top_configs_saved": [
        {
            "strategy": "L3_1.4_L4_1.0",
            "score": 73.11613939520917,
            "epoch": 152,
            "max_thresh": 0.54,
            "thresholds": [
                0.5,
                0.5133,
                0.5267,
                0.54
            ],
            "win_rates": [
                50.90455396132252,
                54.07066052227343,
                63.565891472868216,
                86.48648648648648
            ],
            "totals": [
                1603,
                651,
                129,
                37
            ]
        },
        {
            "strategy": "L3_1.1_L4_1.0",
            "score": 74.48046052697215,
            "epoch": 152,
            "max_thresh": 0.54,
            "thresholds": [
                0.5,
                0.5133,
                0.5267,
                0.54
            ],
            "win_rates": [
                50.90455396132252,
                54.07066052227343,
                63.565891472868216,
                86.48648648648648
            ],
            "totals": [
                1603,
                651,
                129,
                37
            ]
        },
        {
            "strategy": "BEST_VLOSS",
            "score": -17.208459973335266,
            "epoch": 263,
            "max_thresh": 0.54,
            "thresholds": [
                0.5,
                0.5133,
                0.5267,
                0.54
            ],
            "win_rates": [
                54.5227698066126,
                56.660583941605836,
                56.75675675675676,
                68.29268292682927
            ],
            "totals": [
                1603,
                1096,
                222,
                41
            ]
        }
    ]
}