{
    "target": "xauusd",
    "version": "Independent_Multi_Session_v2.0",
    "dimensions": {
        "num_features_target": 0,
        "num_features_macro": 38
    },
    "sessions": {
        "asia": {},
        "london": {},
        "ny": {
            "EV_L3_1.4_L4_1.0": {
                "epoch": -1,
                "max_threshold": 0.62,
                "composite_score": 0.00012140365936855485,
                "session_evs": {},
                "best_ev": 0.00028813560690604524,
                "val_loss": 0.18196790665388107,
                "threshold_metrics": [
                    {
                        "threshold": 0.5,
                        "total_signals": 1644,
                        "win_rate": 52.737226277372265,
                        "avg_win_return": 0.0010000001639127731,
                        "avg_loss_return": 0.0010000000474974513,
                        "ev_score": 5.47445895418824e-05,
                        "sharpe_score": 2.2243658024314334
                    },
                    {
                        "threshold": 0.54,
                        "total_signals": 1181,
                        "win_rate": 51.989839119390346,
                        "avg_win_return": 0.0009999999310821295,
                        "avg_loss_return": 0.0010000000474974513,
                        "ev_score": 3.9796723753914097e-05,
                        "sharpe_score": 1.367967963469673
                    },
                    {
                        "threshold": 0.58,
                        "total_signals": 433,
                        "win_rate": 50.11547344110855,
                        "avg_win_return": 0.0010000001639127731,
                        "avg_loss_return": 0.001000000280328095,
                        "ev_score": 2.3094111274902683e-06,
                        "sharpe_score": 0.04800028876716937
                    },
                    {
                        "threshold": 0.62,
                        "total_signals": 59,
                        "win_rate": 64.40677966101694,
                        "avg_win_return": 0.0010000000474974513,
                        "avg_loss_return": 0.0010000000474974513,
                        "ev_score": 0.00028813560690604524,
                        "sharpe_score": 2.291558962547066
                    }
                ],
                "win_rates": [
                    52.737226277372265,
                    51.989839119390346,
                    50.11547344110855,
                    64.40677966101694
                ],
                "thresholds": [
                    0.5,
                    0.54,
                    0.58,
                    0.62
                ],
                "totals": [
                    1644,
                    1181,
                    433,
                    59
                ]
            },
            "EV_L3_1.1_L4_1.0": {
                "epoch": -1,
                "max_threshold": 0.62,
                "composite_score": 0.00013841712340299263,
                "session_evs": {},
                "best_ev": 0.00028813560690604524,
                "val_loss": 0.18196790665388107,
                "threshold_metrics": [
                    {
                        "threshold": 0.5,
                        "total_signals": 1644,
                        "win_rate": 52.737226277372265,
                        "avg_win_return": 0.0010000001639127731,
                        "avg_loss_return": 0.0010000000474974513,
                        "ev_score": 5.47445895418824e-05,
                        "sharpe_score": 2.2243658024314334
                    },
                    {
                        "threshold": 0.54,
                        "total_signals": 1181,
                        "win_rate": 51.989839119390346,
                        "avg_win_return": 0.0009999999310821295,
                        "avg_loss_return": 0.0010000000474974513,
                        "ev_score": 3.9796723753914097e-05,
                        "sharpe_score": 1.367967963469673
                    },
                    {
                        "threshold": 0.58,
                        "total_signals": 433,
                        "win_rate": 50.11547344110855,
                        "avg_win_return": 0.0010000001639127731,
                        "avg_loss_return": 0.001000000280328095,
                        "ev_score": 2.3094111274902683e-06,
                        "sharpe_score": 0.04800028876716937
                    },
                    {
                        "threshold": 0.62,
                        "total_signals": 59,
                        "win_rate": 64.40677966101694,
                        "avg_win_return": 0.0010000000474974513,
                        "avg_loss_return": 0.0010000000474974513,
                        "ev_score": 0.00028813560690604524,
                        "sharpe_score": 2.291558962547066
                    }
                ],
                "win_rates": [
                    52.737226277372265,
                    51.989839119390346,
                    50.11547344110855,
                    64.40677966101694
                ],
                "thresholds": [
                    0.5,
                    0.54,
                    0.58,
                    0.62
                ],
                "totals": [
                    1644,
                    1181,
                    433,
                    59
                ]
            },
            "BEST_VLOSS": {
                "epoch": -1,
                "max_threshold": 0.62,
                "composite_score": -0.18196790665388107,
                "session_evs": {},
                "best_ev": 0.00028813560690604524,
                "val_loss": 0.18196790665388107,
                "threshold_metrics": [
                    {
                        "threshold": 0.5,
                        "total_signals": 1644,
                        "win_rate": 52.737226277372265,
                        "avg_win_return": 0.0010000001639127731,
                        "avg_loss_return": 0.0010000000474974513,
                        "ev_score": 5.47445895418824e-05,
                        "sharpe_score": 2.2243658024314334
                    },
                    {
                        "threshold": 0.54,
                        "total_signals": 1181,
                        "win_rate": 51.989839119390346,
                        "avg_win_return": 0.0009999999310821295,
                        "avg_loss_return": 0.0010000000474974513,
                        "ev_score": 3.9796723753914097e-05,
                        "sharpe_score": 1.367967963469673
                    },
                    {
                        "threshold": 0.58,
                        "total_signals": 433,
                        "win_rate": 50.11547344110855,
                        "avg_win_return": 0.0010000001639127731,
                        "avg_loss_return": 0.001000000280328095,
                        "ev_score": 2.3094111274902683e-06,
                        "sharpe_score": 0.04800028876716937
                    },
                    {
                        "threshold": 0.62,
                        "total_signals": 59,
                        "win_rate": 64.40677966101694,
                        "avg_win_return": 0.0010000000474974513,
                        "avg_loss_return": 0.0010000000474974513,
                        "ev_score": 0.00028813560690604524,
                        "sharpe_score": 2.291558962547066
                    }
                ],
                "win_rates": [
                    52.737226277372265,
                    51.989839119390346,
                    50.11547344110855,
                    64.40677966101694
                ],
                "thresholds": [
                    0.5,
                    0.54,
                    0.58,
                    0.62
                ],