{
    "target": "xauusd",
    "status": "RUNNING_OR_DONE",
    "epochs_trained": 4,
    "best_winrate": 62.406324692038986,
    "best_val_loss": 0.17329345643520355,
    "best_max_thresh": 0.53,
    "thresholds": [
        0.5,
        0.51,
        0.52,
        0.53
    ],
    "win_rates": [
        47.665847665847664,
        52.02558635394456,
        57.714285714285715,
        67.56756756756756
    ],
    "totals": [
        814,
        469,
        175,
        37
    ],
    "top_configs_saved": [
        {
            "strategy": "L3_1.4_L4_1.0",
            "score": 61.81981981981982,
            "epoch": 4,
            "max_thresh": 0.53,
            "thresholds": [
                0.5,
                0.51,
                0.52,
                0.53
            ],
            "win_rates": [
                47.665847665847664,
                52.02558635394456,
                57.714285714285715,
                67.56756756756756
            ],
            "totals": [
                814,
                469,
                175,
                37
            ]
        },
        {
            "strategy": "L3_1.1_L4_1.0",
            "score": 62.406324692038986,
            "epoch": 4,
            "max_thresh": 0.53,
            "thresholds": [
                0.5,
                0.51,
                0.52,
                0.53
            ],
            "win_rates": [
                47.665847665847664,
                52.02558635394456,
                57.714285714285715,
                67.56756756756756
            ],
            "totals": [
                814,
                469,
                175,
                37
            ]
        },
        {
            "strategy": "BEST_VLOSS",
            "score": -17.329345643520355,
            "epoch": 3,
            "max_thresh": 0.52,
            "thresholds": [
                0.5,
                0.5067,
                0.5133,
                0.52
            ],
            "win_rates": [
                50.4914004914005,
                50.268336314847936,
                52.84090909090909,
                63.63636363636363
            ],
            "totals": [
                814,
                559,
                352,
                143
            ]
        }
    ]
}