{
    "target": "xauusd",
    "status": "RUNNING_OR_DONE",
    "epochs_trained": 6,
    "best_winrate": 72.4230763139975,
    "best_val_loss": 0.17238456010818481,
    "best_max_thresh": 0.54,
    "thresholds": [
        0.5,
        0.5133,
        0.5267,
        0.54
    ],
    "win_rates": [
        53.462258265751714,
        56.76959619952494,
        64.94845360824742,
        80.64516129032258
    ],
    "totals": [
        1603,
        421,
        97,
        31
    ],
    "top_configs_saved": [
        {
            "strategy": "L3_1.4_L4_1.0",
            "score": 71.48874847577873,
            "epoch": 6,
            "max_thresh": 0.54,
            "thresholds": [
                0.5,
                0.5133,
                0.5267,
                0.54
            ],
            "win_rates": [
                53.462258265751714,
                56.76959619952494,
                64.94845360824742,
                80.64516129032258
            ],
            "totals": [
                1603,
                421,
                97,
                31
            ]
        },
        {
            "strategy": "L3_1.1_L4_1.0",
            "score": 72.4230763139975,
            "epoch": 6,
            "max_thresh": 0.54,
            "thresholds": [
                0.5,
                0.5133,
                0.5267,
                0.54
            ],
            "win_rates": [
                53.462258265751714,
                56.76959619952494,
                64.94845360824742,
                80.64516129032258
            ],
            "totals": [
                1603,
                421,
                97,
                31
            ]
        },
        {
            "strategy": "BEST_VLOSS",
            "score": -17.23845601081848,
            "epoch": 2,
            "max_thresh": 0.53,
            "thresholds": [
                0.5,
                0.51,
                0.52,
                0.53
            ],
            "win_rates": [
                55.957579538365565,
                57.03225806451613,
                57.21925133689839,
                65.95744680851064
            ],
            "totals": [
                1603,
                775,
                187,
                47
            ]
        }
    ]
}