{
    "target": "xauusd",
    "status": "RUNNING_OR_DONE",
    "epochs_trained": 94,
    "best_winrate": 71.17784992784993,
    "best_val_loss": 0.6923376619815826,
    "best_max_thresh": 0.57,
    "thresholds": [
        0.5,
        0.5233,
        0.5467,
        0.57
    ],
    "win_rates": [
        48.58757062146893,
        50.47438330170778,
        58.75,
        84.84848484848484
    ],
    "totals": [
        885,
        527,
        160,
        33
    ],
    "top_configs_saved": [
        {
            "strategy": "L3_1.4_L4_1.0",
            "score": 69.62436868686869,
            "epoch": 94,
            "max_thresh": 0.57,
            "thresholds": [
                0.5,
                0.5233,
                0.5467,
                0.57
            ],
            "win_rates": [
                48.58757062146893,
                50.47438330170778,
                58.75,
                84.84848484848484
            ],
            "totals": [
                885,
                527,
                160,
                33
            ]
        },
        {
            "strategy": "L3_1.1_L4_1.0",
            "score": 71.17784992784993,
            "epoch": 94,
            "max_thresh": 0.57,
            "thresholds": [
                0.5,
                0.5233,
                0.5467,
                0.57
            ],
            "win_rates": [
                48.58757062146893,
                50.47438330170778,
                58.75,
                84.84848484848484
            ],
            "totals": [
                885,
                527,
                160,
                33
            ]
        },
        {
            "strategy": "BEST_VLOSS",
            "score": -69.23376619815826,
            "epoch": 92,
            "max_thresh": 0.55,
            "thresholds": [
                0.5,
                0.5167,
                0.5333,
                0.55
            ],
            "win_rates": [
                51.9774011299435,
                52.68595041322314,
                55.24861878453039,
                64.51612903225806
            ],
            "totals": [
                885,
                484,
                181,
                62
            ]
        }
    ]
}