{
    "target": "xauusd",
    "version": "Independent_Multi_Session_v2.0",
    "dimensions": {
        "num_features_target": 18,
        "num_features_macro": 38
    },
    "sessions": {
        "asia": {
            "EV_L3_1.4_L4_1.0": {
                "epoch": -1,
                "max_threshold": 0.53,
                "composite_score": 0.0008506120794409726,
                "session_evs": {},
                "best_ev": 0.0010504926731054846,
                "val_loss": 0.17344569166501364,
                "threshold_metrics": [
                    {
                        "threshold": 0.5,
                        "total_signals": 1580,
                        "win_rate": 49.87341772151899,
                        "avg_win_return": 0.0012120073661208153,
                        "avg_loss_return": 0.0013091220753267407,
                        "ev_score": -5.1748657693402784e-05,
                        "sharpe_score": -1.2025082020062592
                    },
                    {
                        "threshold": 0.51,
                        "total_signals": 170,
                        "win_rate": 59.411764705882355,
                        "avg_win_return": 0.0022169877775013447,
                        "avg_loss_return": 0.0016549165593460202,
                        "ev_score": 0.0006454501348985906,
                        "sharpe_score": 3.3590036654519113
                    },
                    {
                        "threshold": 0.52,
                        "total_signals": 72,
                        "win_rate": 62.5,
                        "avg_win_return": 0.0023693786934018135,
                        "avg_loss_return": 0.0020613905508071184,
                        "ev_score": 0.000707840226823464,
                        "sharpe_score": 2.1558390422517872
                    },
                    {
                        "threshold": 0.53,
                        "total_signals": 37,
                        "win_rate": 67.56756756756756,
                        "avg_win_return": 0.0025274427607655525,
                        "avg_loss_return": 0.002026486676186323,
                        "ev_score": 0.0010504926731054846,
                        "sharpe_score": 2.166126644175088
                    }
                ]
            },
            "EV_L3_1.1_L4_1.0": {
                "epoch": -1,
                "max_threshold": 0.53,
                "composite_score": 0.000871008058386331,
                "session_evs": {},
                "best_ev": 0.0010504926731054846,
                "val_loss": 0.17344569166501364,
                "threshold_metrics": [
                    {
                        "threshold": 0.5,
                        "total_signals": 1580,
                        "win_rate": 49.87341772151899,
                        "avg_win_return": 0.0012120073661208153,
                        "avg_loss_return": 0.0013091220753267407,
                        "ev_score": -5.1748657693402784e-05,
                        "sharpe_score": -1.2025082020062592
                    },
                    {
                        "threshold": 0.51,
                        "total_signals": 170,
                        "win_rate": 59.411764705882355,
                        "avg_win_return": 0.0022169877775013447,
                        "avg_loss_return": 0.0016549165593460202,
                        "ev_score": 0.0006454501348985906,
                        "sharpe_score": 3.3590036654519113
                    },
                    {
                        "threshold": 0.52,
                        "total_signals": 72,
                        "win_rate": 62.5,
                        "avg_win_return": 0.0023693786934018135,
                        "avg_loss_return": 0.0020613905508071184,
                        "ev_score": 0.000707840226823464,
                        "sharpe_score": 2.1558390422517872
                    },
                    {
                        "threshold": 0.53,
                        "total_signals": 37,
                        "win_rate": 67.56756756756756,
                        "avg_win_return": 0.0025274427607655525,
                        "avg_loss_return": 0.002026486676186323,
                        "ev_score": 0.0010504926731054846,
                        "sharpe_score": 2.166126644175088
                    }
                ]
            },
            "BEST_VLOSS": {
                "epoch": -1,
                "max_threshold": 0.53,
                "composite_score": -0.17344569166501364,
                "session_evs": {},
                "best_ev": 0.0010504926731054846,
                "val_loss": 0.17344569166501364,
                "threshold_metrics": [
                    {
                        "threshold": 0.5,
                        "total_signals": 1580,
                        "win_rate": 49.87341772151899,
                        "avg_win_return": 0.0012120073661208153,
                        "avg_loss_return": 0.0013091220753267407,
                        "ev_score": -5.1748657693402784e-05,
                        "sharpe_score": -1.2025082020062592
                    },
                    {
                        "threshold": 0.51,
                        "total_signals": 170,
                        "win_rate": 59.411764705882355,
                        "avg_win_return": 0.0022169877775013447,
                        "avg_loss_return": 0.0016549165593460202,
                        "ev_score": 0.0006454501348985906,
                        "sharpe_score": 3.3590036654519113
                    },
                    {
                        "threshold": 0.52,
                        "total_signals": 72,
                        "win_rate": 62.5,
                        "avg_win_return": 0.0023693786934018135,
                        "avg_loss_return": 0.0020613905508071184,
                        "ev_score": 0.000707840226823464,
                        "sharpe_score": 2.1558390422517872
                    },
                    {
                        "threshold": 0.53,
                        "total_signals": 37,
                        "win_rate": 67.56756756756756,
                        "avg_win_return": 0.0025274427607655525,
                        "avg_loss_return": 0.002026486676186323,
                        "ev_score": 0.0010504926731054846,
                        "sharpe_score": 2.166126644175088
                    }
                ]
            }
        },
        "london": {
            "EV_L3_1.4_L4_1.0": {
                "epoch": 0,
                "max_threshold": 0.52,
                "composite_score": 0.000471827799920946,
                "session_evs": {},
                "best_ev": 0.0005437709435166136,
                "val_loss": 0.1733985436814172,
                "threshold_metrics": [
                    {
                        "threshold": 0.5,
                        "total_signals": 991,
                        "win_rate": 51.3622603430878,
                        "avg_win_return": 0.001012915512546897,
                        "avg_loss_return": 0.0009921289747580886,
                        "ev_score": 3.7707194806228e-05,
                        "sharpe_score": 0.9563619034695067
                    },
                    {
                        "threshold": 0.5067,
                        "total_signals": 294,
                        "win_rate": 60.544217687074834,
                        "avg_win_return": 0.0011104579316452146,
                        "avg_loss_return": 0.001059112953953445,
                        "ev_score": 0.0002544367658988047,
                        "sharpe_score": 3.3167491064004433
                    },
                    {
                        "threshold": 0.5133,
                        "total_signals": 110,
                        "win_rate": 68.18181818181817,
                        "avg_win_return": 0.0011395940091460943,