{
    "target": "xauusd",
    "version": "Independent_Multi_Session_v1.5",
    "epochs_trained": 42,
    "dimensions": {
        "num_features_target": 0,
        "num_features_macro": 36
    },
    "sessions": {
        "asia": {},
        "london": {
            "BEST_VLOSS": {
                "epoch": 3,
                "composite_score": -0.1724109873175621,
                "max_thresh": 0.55,
                "thresholds": [
                    0.5,
                    0.5167,
                    0.5333,
                    0.55
                ],
                "win_rates": [
                    52.375152253349576,
                    54.48275862068965,
                    65.59139784946237,
                    74.19354838709677
                ],
                "totals": [
                    821,
                    435,
                    93,
                    31
                ]
            },
            "BEST_WR_SAFE": {
                "epoch": 2,
                "composite_score": 0.6571428571428571,
                "max_thresh": 0.54,
                "thresholds": [
                    0.5,
                    0.5133,
                    0.5267,
                    0.54
                ],
                "win_rates": [
                    53.71498172959805,
                    55.45023696682464,
                    65.71428571428571,
                    73.52941176470588
                ],
                "totals": [
                    821,
                    422,
                    105,
                    34
                ]
            },
            "BEST_WR_SHARP": {
                "epoch": 18,
                "composite_score": 0.7666666666666667,
                "max_thresh": 0.55,
                "thresholds": [
                    0.5,
                    0.5167,
                    0.5333,
                    0.55
                ],
                "win_rates": [
                    52.496954933008524,
                    53.735632183908045,
                    62.31884057971014,
                    76.66666666666667
                ],
                "totals": [
                    821,
                    348,
                    69,
                    30
                ]
            }
        },
        "ny": {
            "BEST_VLOSS": {
                "epoch": 20,
                "composite_score": -0.17304344177246095,
                "max_thresh": 0.56,
                "thresholds": [
                    0.5,
                    0.52,
                    0.54,
                    0.56
                ],
                "win_rates": [
                    54.134762633996935,
                    54.13766434648105,
                    55.227552275522754,
                    72.72727272727273
                ],
                "totals": [
                    1306,
                    1293,
                    813,
                    88
                ]
            },
            "BEST_WR_SAFE": {
                "epoch": 32,
                "composite_score": 0.6214285714285714,
                "max_thresh": 0.56,
                "thresholds": [
                    0.5,
                    0.52,
                    0.54,
                    0.56
                ],
                "win_rates": [
                    54.28790199081164,
                    54.60829493087558,
                    62.142857142857146,
                    78.04878048780488
                ],
                "totals": [
                    1306,
                    868,
                    280,
                    41
                ]
            },
            "BEST_WR_SHARP": {
                "epoch": 5,
                "composite_score": 0.8333333333333334,
                "max_thresh": 0.54,
                "thresholds": [
                    0.5,
                    0.5133,
                    0.5267,
                    0.54
                ],
                "win_rates": [
                    52.90964777947933,
                    53.61842105263158,
                    58.602150537634415,
                    83.33333333333334
                ],
                "totals": [
                    1306,
                    608,
                    186,
                    36
                ]
            }
        }
    }
}