{
    "target": "xauusd",
    "status": "RUNNING_OR_DONE",
    "epochs_trained": 40,
    "best_winrate": 68.19557652890987,
    "best_val_loss": 0.17299294471740723,
    "best_max_thresh": 0.53,
    "thresholds": [
        0.5,
        0.51,
        0.52,
        0.53
    ],
    "win_rates": [
        49.75429975429975,
        52.016129032258064,
        56.481481481481474,
        81.08108108108108
    ],
    "totals": [
        814,
        496,
        216,
        37
    ],
    "top_configs_saved": [
        {
            "strategy": "L3_1.4_L4_1.0",
            "score": 66.7313146479813,
            "epoch": 7,
            "max_thresh": 0.53,
            "thresholds": [
                0.5,
                0.51,
                0.52,
                0.53
            ],
            "win_rates": [
                49.75429975429975,
                52.016129032258064,
                56.481481481481474,
                81.08108108108108
            ],
            "totals": [
                814,
                496,
                216,
                37
            ]
        },
        {
            "strategy": "L3_1.1_L4_1.0",
            "score": 68.19557652890987,
            "epoch": 7,
            "max_thresh": 0.53,
            "thresholds": [
                0.5,
                0.51,
                0.52,
                0.53
            ],
            "win_rates": [
                49.75429975429975,
                52.016129032258064,
                56.481481481481474,
                81.08108108108108
            ],
            "totals": [
                814,
                496,
                216,
                37
            ]
        },
        {
            "strategy": "BEST_VLOSS",
            "score": -17.299294471740723,
            "epoch": 40,
            "max_thresh": 0.52,
            "thresholds": [
                0.5,
                0.5067,
                0.5133,
                0.52
            ],
            "win_rates": [
                52.08845208845209,
                51.7578125,
                53.06122448979592,
                59.80392156862745
            ],
            "totals": [
                814,
                512,
                245,
                102
            ]
        }
    ]
}