{
    "target": "xauusd",
    "status": "RUNNING_OR_DONE",
    "epochs_trained": 219,
    "best_winrate": 66.29517055048969,
    "best_val_loss": 0.17116568982601166,
    "best_max_thresh": 0.64,
    "thresholds": [
        0.5,
        0.5467,
        0.5933,
        0.64
    ],
    "win_rates": [
        52.67857142857143,
        56.00000000000001,
        65.95744680851064,
        66.66666666666666
    ],
    "totals": [
        112,
        75,
        47,
        30
    ],
    "top_configs_saved": [
        {
            "strategy": "L3_1.4_L4_1.0",
            "score": 66.25295508274232,
            "epoch": 219,
            "max_thresh": 0.64,
            "thresholds": [
                0.5,
                0.5467,
                0.5933,
                0.64
            ],
            "win_rates": [
                52.67857142857143,
                56.00000000000001,
                65.95744680851064,
                66.66666666666666
            ],
            "totals": [
                112,
                75,
                47,
                30
            ]
        },
        {
            "strategy": "L3_1.1_L4_1.0",
            "score": 66.29517055048969,
            "epoch": 219,
            "max_thresh": 0.64,
            "thresholds": [
                0.5,
                0.5467,
                0.5933,
                0.64
            ],
            "win_rates": [
                52.67857142857143,
                56.00000000000001,
                65.95744680851064,
                66.66666666666666
            ],
            "totals": [
                112,
                75,
                47,
                30
            ]
        },
        {
            "strategy": "BEST_VLOSS",
            "score": -17.116568982601166,
            "epoch": 160,
            "max_thresh": 0.56,
            "thresholds": [
                0.5,
                0.52,
                0.54,
                0.56
            ],
            "win_rates": [
                59.82142857142857,
                61.97183098591549,
                59.57446808510638,
                60.0
            ],
            "totals": [
                112,
                71,
                47,
                30
            ]
        }
    ]
}