{
    "target": "ltcusd",
    "status": "RUNNING_OR_DONE",
    "epochs_trained": 322,
    "best_winrate": 82.8076323987539,
    "best_val_loss": 0.666411280632019,
    "best_max_thresh": 0.79,
    "thresholds": [
        0.5,
        0.5967,
        0.6933,
        0.79
    ],
    "win_rates": [
        59.166666666666664,
        61.13989637305699,
        75.70093457943925,
        90.625
    ],
    "totals": [
        240,
        193,
        107,
        32
    ],
    "top_configs_saved": [
        {
            "strategy": "L3_1.4_L4_1.0",
            "score": 81.91929517133956,
            "max_thresh": 0.79,
            "thresholds": [
                0.5,
                0.5967,
                0.6933,
                0.79
            ],
            "win_rates": [
                59.166666666666664,
                61.13989637305699,
                75.70093457943925,
                90.625
            ],
            "totals": [
                240,
                193,
                107,
                32
            ]
        },
        {
            "strategy": "L3_1.1_L4_1.0",
            "score": 82.8076323987539,
            "max_thresh": 0.79,
            "thresholds": [
                0.5,
                0.5967,
                0.6933,
                0.79
            ],
            "win_rates": [
                59.166666666666664,
                61.13989637305699,
                75.70093457943925,
                90.625
            ],
            "totals": [
                240,
                193,
                107,
                32
            ]
        },
        {
            "strategy": "BEST_VLOSS",
            "score": -66.6411280632019,
            "max_thresh": 0.72,
            "thresholds": [
                0.5,
                0.5733,
                0.6467,
                0.72
            ],
            "win_rates": [
                57.49999999999999,
                64.36781609195403,
                74.68354430379746,
                84.84848484848484
            ],
            "totals": [
                240,
                174,
                79,
                33
            ]
        }
    ],
    "training_metadata": {
        "training_strategy": "Sử dụng mô hình Transformer v5.0 (Deep Phoenix), tự động tái nạp trọng số ngẫu nhiên từ Top 4 cấu hình tốt nhất nếu kẹt (Stagnation) sau 10 epoch. Dữ liệu Rolling Window: Train 90 ngày, Test thực chiến 4 ngày.",
        "selection_strategy": "Sử dụng weighted score đánh giá tổng hợp thay vì chỉ Accuracy. Tập trung bắt chính xác tín hiệu tại mốc L3 (trọng số 1.4) và L4 (trọng số 1.0) trên tổng 2.4. Top 4 mô hình được lưu độc lập.",
        "hyperparameters": {
            "window_size": 60,
            "d_model": 256,
            "nhead": 8,
            "num_attn_layers": 3,
            "dropout_rate": 0.2,
            "initial_learning_rate": 0.0001
        },
        "data_features": [
            "LTC_USD_RSI",
            "LTC_USD_EMA9_dist",
            "LTC_USD_EMA21_dist",
            "LTC_USD_Body",
            "LTC_USD_Upper_Shadow",
            "LTC_USD_Lower_Shadow",
            "LTC_USD_ret_5m",
            "LTC_USD_ret_10m",
            "LTC_USD_ret_30m",
            "LTC_USD_ATR_ratio",
            "LTC_USD_open_log_ret",
            "LTC_USD_high_log_ret",
            "LTC_USD_low_log_ret",
            "LTC_USD_close_log_ret",
            "LTC_USD_volume",
            "ADA_USD_open_log_ret",
            "ADA_USD_high_log_ret",
            "ADA_USD_low_log_ret",
            "ADA_USD_close_log_ret",
            "ADA_USD_volume",
            "AUDUSD_time_log_ret",
            "AUDUSD_open_log_ret",
            "AUDUSD_high_log_ret",
            "AUDUSD_low_log_ret",
            "AUDUSD_close_log_ret",
            "AUDUSD_volume",
            "AUDUSD_spread",
            "AUDUSD_real_volume",
            "BCH_USD_open_log_ret",
            "BCH_USD_high_log_ret",
            "BCH_USD_low_log_ret",
            "BCH_USD_close_log_ret",
            "BCH_USD_volume",
            "BNB_USD_open_log_ret",
            "BNB_USD_high_log_ret",
            "BNB_USD_low_log_ret",
            "BNB_USD_close_log_ret",
            "BNB_USD_volume",
            "BTC_USD_open_log_ret",
            "BTC_USD_high_log_ret",
            "BTC_USD_low_log_ret",
            "BTC_USD_close_log_ret",
            "BTC_USD_volume",
            "DXY_open_log_ret",
            "DXY_high_log_ret",
            "DXY_low_log_ret",
            "DXY_close_log_ret",
            "DXY_volume",
            "DXY_USD_INDEX_1H_2025_2026.PARQUET_Close_log_ret",
            "DXY_USD_INDEX_1H_2025_2026.PARQUET_High_log_ret",
            "DXY_USD_INDEX_1H_2025_2026.PARQUET_Low_log_ret",
            "DXY_USD_INDEX_1H_2025_2026.PARQUET_Open_log_ret",
            "DXY_USD_INDEX_1H_2025_2026.PARQUET_Volume",
            "ETH_USD_open_log_ret",
            "ETH_USD_high_log_ret",
            "ETH_USD_low_log_ret",
            "ETH_USD_close_log_ret",
            "ETH_USD_volume",
            "EURUSD_time_log_ret",
            "EURUSD_open_log_ret",
            "EURUSD_high_log_ret",
            "EURUSD_low_log_ret",
            "EURUSD_close_log_ret",
            "EURUSD_volume",
            "EURUSD_spread",
            "EURUSD_real_volume",
            "GBPUSD_time_log_ret",
            "GBPUSD_open_log_ret",
            "GBPUSD_high_log_ret",
            "GBPUSD_low_log_ret",
            "GBPUSD_close_log_ret",
            "GBPUSD_volume",
            "GBPUSD_spread",
            "GBPUSD_real_volume",
            "GOLD_1H_2025_2026.PARQUET_Close_log_ret",
            "GOLD_1H_2025_2026.PARQUET_High_log_ret",
            "GOLD_1H_2025_2026.PARQUET_Low_log_ret",
            "GOLD_1H_2025_2026.PARQUET_Open_log_ret",
            "GOLD_1H_2025_2026.PARQUET_Volume",
            "JP225_open_log_ret",
            "JP225_high_log_ret",
            "JP225_low_log_ret",
            "JP225_close_log_ret",
            "JP225_volume",
            "NASDAQ_100_1H_2025_2026.PARQUET_Close_log_ret",
            "NASDAQ_100_1H_2025_2026.PARQUET_High_log_ret",
            "NASDAQ_100_1H_2025_2026.PARQUET_Low_log_ret",
            "NASDAQ_100_1H_2025_2026.PARQUET_Open_log_ret",
            "NASDAQ_100_1H_2025_2026.PARQUET_Volume",
            "SOL_USD_open_log_ret",
            "SOL_USD_high_log_ret",
            "SOL_USD_low_log_ret",
            "SOL_USD_close_log_ret",
            "SOL_USD_volume",
            "US30_open_log_ret",
            "US30_high_log_ret",
            "US30_low_log_ret",
            "US30_close_log_ret",
            "US30_volume",
            "US500_open_log_ret",
            "US500_high_log_ret",
            "US500_low_log_ret",
            "US500_close_log_ret",
            "US500_volume",
            "USDCAD_time_log_ret",
            "USDCAD_open_log_ret",
            "USDCAD_high_log_ret",
            "USDCAD_low_log_ret",
            "USDCAD_close_log_ret",
            "USDCAD_volume",
            "USDCAD_spread",
            "USDCAD_real_volume",
            "USDJPY_time_log_ret",
            "USDJPY_open_log_ret",
            "USDJPY_high_log_ret",
            "USDJPY_low_log_ret",
            "USDJPY_close_log_ret",
            "USDJPY_volume",
            "USDJPY_spread",
            "USDJPY_real_volume",
            "USOIL_USD_open_log_ret",
            "USOIL_USD_high_log_ret",
            "USOIL_USD_low_log_ret",
            "USOIL_USD_close_log_ret",
            "USOIL_USD_volume",
            "USTEC_open_log_ret",
            "USTEC_high_log_ret",
            "USTEC_low_log_ret",
            "USTEC_close_log_ret",
            "USTEC_volume",
            "US_10Y_YIELD_1H_2025_2026.PARQUET_Close_log_ret",
            "US_10Y_YIELD_1H_2025_2026.PARQUET_High_log_ret",
            "US_10Y_YIELD_1H_2025_2026.PARQUET_Low_log_ret",
            "US_10Y_YIELD_1H_2025_2026.PARQUET_Open_log_ret",
            "US_10Y_YIELD_1H_2025_2026.PARQUET_Volume",
