{
    "target": "xauusd",
    "version": "Independent_Multi_Session_v1.5",
    "epochs_trained": 13,
    "dimensions": {
        "num_features_target": 0,
        "num_features_macro": 21
    },
    "sessions": {
        "ny": {
            "L3_1.4_L4_1.0": {
                "epoch": 12,
                "composite_score": 0.6926655719759168,
                "max_thresh": 0.56,
                "thresholds": [
                    0.5,
                    0.52,
                    0.54,
                    0.56
                ],
                "win_rates": [
                    51.10397430750703,
                    54.43349753694581,
                    60.91954022988506,
                    80.95238095238095
                ],
                "totals": [
                    2491,
                    812,
                    174,
                    42
                ]
            },
            "L3_1.1_L4_1.0": {
                "epoch": 12,
                "composite_score": 0.7045898819297833,
                "max_thresh": 0.56,
                "thresholds": [
                    0.5,
                    0.52,
                    0.54,
                    0.56
                ],
                "win_rates": [
                    51.10397430750703,
                    54.43349753694581,
                    60.91954022988506,
                    80.95238095238095
                ],
                "totals": [
                    2491,
                    812,
                    174,
                    42
                ]
            },
            "BEST_VLOSS": {
                "epoch": 10,
                "composite_score": -0.17259296476840974,
                "max_thresh": 0.56,
                "thresholds": [
                    0.5,
                    0.52,
                    0.54,
                    0.56
                ],
                "win_rates": [
                    52.18787635487756,
                    55.30629853321829,
                    58.82352941176471,
                    76.92307692307693
                ],
                "totals": [
                    2491,
                    1159,
                    357,
                    65
                ]
            }
        }
    }
}