{
    "target": "xauusd",
    "status": "RUNNING_OR_DONE",
    "epochs_trained": 3,
    "best_winrate": 62.04271498389144,
    "best_val_loss": 0.691279947757721,
    "best_max_thresh": 0.54,
    "thresholds": [
        0.5,
        0.5133,
        0.5267,
        0.54
    ],
    "win_rates": [
        52.45700245700245,
        52.19298245614035,
        59.47712418300654,
        64.86486486486487
    ],
    "totals": [
        814,
        456,
        153,
        37
    ],
    "top_configs_saved": [
        {
            "strategy": "L3_1.4_L4_1.0",
            "score": 61.72201613378084,
            "epoch": 1,
            "max_thresh": 0.54,
            "thresholds": [
                0.5,
                0.5133,
                0.5267,
                0.54
            ],
            "win_rates": [
                52.45700245700245,
                52.19298245614035,
                59.47712418300654,
                64.86486486486487
            ],
            "totals": [
                814,
                456,
                153,
                37
            ]
        },
        {
            "strategy": "L3_1.1_L4_1.0",
            "score": 62.04271498389144,
            "epoch": 1,
            "max_thresh": 0.54,
            "thresholds": [
                0.5,
                0.5133,
                0.5267,
                0.54
            ],
            "win_rates": [
                52.45700245700245,
                52.19298245614035,
                59.47712418300654,
                64.86486486486487
            ],
            "totals": [
                814,
                456,
                153,
                37
            ]
        },
        {
            "strategy": "BEST_VLOSS",
            "score": -69.1279947757721,
            "epoch": 3,
            "max_thresh": 0.56,
            "thresholds": [
                0.5,
                0.52,
                0.54,
                0.56
            ],
            "win_rates": [
                53.8083538083538,
                54.357798165137616,
                53.535353535353536,
                59.70149253731343
            ],
            "totals": [
                814,
                436,
                198,
                67
            ]
        }
    ]
}