{
    "target": "xauusd",
    "status": "RUNNING_OR_DONE",
    "epochs_trained": 222,
    "best_winrate": 76.52207836539634,
    "best_val_loss": 0.15914781391620636,
    "best_max_thresh": 0.63,
    "thresholds": [
        0.5,
        0.5433,
        0.5867,
        0.63
    ],
    "win_rates": [
        60.71428571428571,
        62.96296296296296,
        69.84126984126983,
        83.87096774193549
    ],
    "totals": [
        112,
        81,
        63,
        31
    ],
    "top_configs_saved": [
        {
            "strategy": "L3_1.4_L4_1.0",
            "score": 75.68697729988052,
            "epoch": 222,
            "max_thresh": 0.63,
            "thresholds": [
                0.5,
                0.5433,
                0.5867,
                0.63
            ],
            "win_rates": [
                60.71428571428571,
                62.96296296296296,
                69.84126984126983,
                83.87096774193549
            ],
            "totals": [
                112,
                81,
                63,
                31
            ]
        },
        {
            "strategy": "L3_1.1_L4_1.0",
            "score": 76.52207836539634,
            "epoch": 222,
            "max_thresh": 0.63,
            "thresholds": [
                0.5,
                0.5433,
                0.5867,
                0.63
            ],
            "win_rates": [
                60.71428571428571,
                62.96296296296296,
                69.84126984126983,
                83.87096774193549
            ],
            "totals": [
                112,
                81,
                63,
                31
            ]
        },
        {
            "strategy": "BEST_VLOSS",
            "score": -15.914781391620636,
            "epoch": 29,
            "max_thresh": 0.6,
            "thresholds": [
                0.5,
                0.5333,
                0.5667,
                0.6
            ],
            "win_rates": [
                70.53571428571429,
                73.68421052631578,
                70.0,
                77.41935483870968
            ],
            "totals": [
                112,
                76,
                50,
                31
            ]
        }
    ]
}