{
    "target": "xauusd",
    "version": "Independent_Multi_Session_v1.5",
    "epochs_trained": 49,
    "dimensions": {
        "num_features_target": 0,
        "num_features_macro": 21
    },
    "sessions": {
        "ny": {
            "L3_1.4_L4_1.0": {
                "epoch": 37,
                "composite_score": 0.7400302021696252,
                "max_thresh": 0.54,
                "thresholds": [
                    0.5,
                    0.5133,
                    0.5267,
                    0.54
                ],
                "win_rates": [
                    53.07105580088318,
                    55.52884615384615,
                    62.1301775147929,
                    90.625
                ],
                "totals": [
                    2491,
                    832,
                    169,
                    32
                ]
            },
            "L3_1.1_L4_1.0": {
                "epoch": 37,
                "composite_score": 0.7569914060298676,
                "max_thresh": 0.54,
                "thresholds": [
                    0.5,
                    0.5133,
                    0.5267,
                    0.54
                ],
                "win_rates": [
                    53.07105580088318,
                    55.52884615384615,
                    62.1301775147929,
                    90.625
                ],
                "totals": [
                    2491,
                    832,
                    169,
                    32
                ]
            },
            "BEST_VLOSS": {
                "epoch": 0,
                "composite_score": -0.17279049456119538,
                "max_thresh": 0.54,
                "thresholds": [
                    0.5,
                    0.5133,
                    0.5267,
                    0.54
                ],
                "win_rates": [
                    53.59293456443196,
                    54.46240337315531,
                    56.2962962962963,
                    64.76190476190476
                ],
                "totals": [
                    2491,
                    1423,
                    540,
                    105
                ]
            }
        }
    }
}