{
    "target": "xauusd",
    "status": "RUNNING_OR_DONE",
    "epochs_trained": 0,
    "best_winrate": 58.36001773486379,
    "best_val_loss": 0.17336784601211547,
    "best_max_thresh": 0.52,
    "thresholds": [
        0.5,
        0.5067,
        0.5133,
        0.52
    ],
    "win_rates": [
        49.938280071320804,
        51.515151515151516,
        56.919060052219315,
        60.37735849056604
    ],
    "totals": [
        7291,
        2013,
        383,
        53
    ],
    "top_configs_saved": [
        {
            "strategy": "L3_1.4_L4_1.0",
            "score": 58.36001773486379,
            "epoch": 0,
            "max_thresh": 0.52,
            "thresholds": [
                0.5,
                0.5067,
                0.5133,
                0.52
            ],
            "win_rates": [
                49.938280071320804,
                51.515151515151516,
                56.919060052219315,
                60.37735849056604
            ],
            "totals": [
                7291,
                2013,
                383,
                53
            ]
        },
        {
            "strategy": "L3_1.1_L4_1.0",
            "score": 58.56586883238442,
            "epoch": 0,
            "max_thresh": 0.52,
            "thresholds": [
                0.5,
                0.5067,
                0.5133,
                0.52
            ],
            "win_rates": [
                49.938280071320804,
                51.515151515151516,
                56.919060052219315,
                60.37735849056604
            ],
            "totals": [
                7291,
                2013,
                383,
                53
            ]
        },
        {
            "strategy": "BEST_VLOSS",
            "score": -17.336784601211548,
            "epoch": 0,
            "max_thresh": 0.52,
            "thresholds": [
                0.5,
                0.5067,
                0.5133,
                0.52
            ],
            "win_rates": [
                49.938280071320804,
                51.515151515151516,
                56.919060052219315,
                60.37735849056604
            ],
            "totals": [
                7291,
                2013,
                383,
                53
            ]
        }
    ]
}