{
    "target": "xauusd",
    "status": "RUNNING_OR_DONE",
    "epochs_trained": 6,
    "best_winrate": 57.02169529013792,
    "best_val_loss": 0.17295987904071808,
    "best_max_thresh": 0.53,
    "thresholds": [
        0.5,
        0.51,
        0.52,
        0.53
    ],
    "win_rates": [
        52.4671052631579,
        53.246753246753244,
        55.208333333333336,
        59.01639344262295
    ],
    "totals": [
        608,
        462,
        288,
        122
    ],
    "top_configs_saved": [
        {
            "strategy": "L3_1.4_L4_1.0",
            "score": 56.795025045537336,
            "epoch": 6,
            "max_thresh": 0.53,
            "thresholds": [
                0.5,
                0.51,
                0.52,
                0.53
            ],
            "win_rates": [
                52.4671052631579,
                53.246753246753244,
                55.208333333333336,
                59.01639344262295
            ],
            "totals": [
                608,
                462,
                288,
                122
            ]
        },
        {
            "strategy": "L3_1.1_L4_1.0",
            "score": 57.02169529013792,
            "epoch": 6,
            "max_thresh": 0.53,
            "thresholds": [
                0.5,
                0.51,
                0.52,
                0.53
            ],
            "win_rates": [
                52.4671052631579,
                53.246753246753244,
                55.208333333333336,
                59.01639344262295
            ],
            "totals": [
                608,
                462,
                288,
                122
            ]
        },
        {
            "strategy": "BEST_VLOSS",
            "score": -17.295987904071808,
            "epoch": 5,
            "max_thresh": 0.52,
            "thresholds": [
                0.5,
                0.5067,
                0.5133,
                0.52
            ],
            "win_rates": [
                52.960526315789465,
                52.39234449760766,
                54.54545454545454,
                53.57142857142857
            ],
            "totals": [
                608,
                418,
                242,
                112
            ]
        }
    ]
}