{
    "target": "ltcusdt",
    "version": "Transformer_V3",
    "dimensions": {
        "num_features_target": 0,
        "num_features_macro": 38
    },
    "sessions": {
        "ny": {
            "BEST_VLOSS": {
                "epoch": 11,
                "max_threshold": 0.73,
                "composite_score": 0.43318435903369945,
                "val_loss": 0.9251540753899551,
                "threshold_metrics": [
                    {
                        "threshold": 0.53,
                        "total_signals": 5140,
                        "win_rate": 0.5307392996108949,
                        "avg_win_return": 0.001,
                        "avg_loss_return": 0.001,
                        "ev_score": 0.059831185091887513,
                        "sharpe_score": 0.0,
                        "total_buy": 2570,
                        "total_sell": 2570
                    },
                    {
                        "threshold": 0.5967,
                        "total_signals": 1564,
                        "win_rate": 0.5652173913043478,
                        "avg_win_return": 0.001,
                        "avg_loss_return": 0.001,
                        "ev_score": 0.19699353429413263,
                        "sharpe_score": 0.0,
                        "total_buy": 782,
                        "total_sell": 782
                    },
                    {
                        "threshold": 0.6633,
                        "total_signals": 290,
                        "win_rate": 0.6241379310344828,
                        "avg_win_return": 0.001,
                        "avg_loss_return": 0.001,
                        "ev_score": 0.6107336264753529,
                        "sharpe_score": 0.0,
                        "total_buy": 145,
                        "total_sell": 145
                    },
                    {
                        "threshold": 0.73,
                        "total_signals": 37,
                        "win_rate": 0.6486486486486487,
                        "avg_win_return": 0.001,
                        "avg_loss_return": 0.001,
                        "ev_score": 0.1846153846153846,
                        "sharpe_score": 0.0,
                        "total_buy": 18,
                        "total_sell": 19
                    }
                ],
                "win_rates": [
                    0.5307392996108949,
                    0.5652173913043478,
                    0.6241379310344828,
                    0.6486486486486487
                ],
                "thresholds": [
                    0.53,
                    0.5967,
                    0.6633,
                    0.73
                ],
                "totals": [
                    5140,
                    1564,
                    290,
                    37
                ]
            }
        }
    }
}