{
    "target": "xauusd",
    "status": "RUNNING_OR_DONE",
    "epochs_trained": 8,
    "best_winrate": 66.77577398000398,
    "best_val_loss": 0.1726495698094368,
    "best_max_thresh": 0.53,
    "thresholds": [
        0.5,
        0.51,
        0.52,
        0.53
    ],
    "win_rates": [
        50.859950859950864,
        51.271186440677965,
        56.17977528089888,
        78.43137254901961
    ],
    "totals": [
        814,
        472,
        178,
        51
    ],
    "top_configs_saved": [
        {
            "strategy": "L3_1.4_L4_1.0",
            "score": 65.45127414261586,
            "epoch": 5,
            "max_thresh": 0.53,
            "thresholds": [
                0.5,
                0.51,
                0.52,
                0.53
            ],
            "win_rates": [
                50.859950859950864,
                51.271186440677965,
                56.17977528089888,
                78.43137254901961
            ],
            "totals": [
                814,
                472,
                178,
                51
            ]
        },
        {
            "strategy": "L3_1.1_L4_1.0",
            "score": 66.77577398000398,
            "epoch": 5,
            "max_thresh": 0.53,
            "thresholds": [
                0.5,
                0.51,
                0.52,
                0.53
            ],
            "win_rates": [
                50.859950859950864,
                51.271186440677965,
                56.17977528089888,
                78.43137254901961
            ],
            "totals": [
                814,
                472,
                178,
                51
            ]
        },
        {
            "strategy": "BEST_VLOSS",
            "score": -17.26495698094368,
            "epoch": 8,
            "max_thresh": 0.53,
            "thresholds": [
                0.5,
                0.51,
                0.52,
                0.53
            ],
            "win_rates": [
                52.579852579852584,
                55.10688836104512,
                54.04040404040404,
                60.0
            ],
            "totals": [
                814,
                421,
                198,
                70
            ]
        }
    ]
}