{
    "target": "xauusd",
    "status": "RUNNING_OR_DONE",
    "epochs_trained": 1,
    "best_winrate": 51.78679850810999,
    "best_val_loss": 0.176409550011158,
    "best_max_thresh": 0.54,
    "thresholds": [
        0.5,
        0.5133,
        0.5267,
        0.54
    ],
    "win_rates": [
        49.01719901719901,
        48.883374689826304,
        48.36065573770492,
        55.55555555555556
    ],
    "totals": [
        814,
        806,
        610,
        45
    ],
    "top_configs_saved": [
        {
            "strategy": "L3_1.4_L4_1.0",
            "score": 51.35853066180934,
            "epoch": 1,
            "max_thresh": 0.54,
            "thresholds": [
                0.5,
                0.5133,
                0.5267,
                0.54
            ],
            "win_rates": [
                49.01719901719901,
                48.883374689826304,
                48.36065573770492,
                55.55555555555556
            ],
            "totals": [
                814,
                806,
                610,
                45
            ]
        },
        {
            "strategy": "L3_1.1_L4_1.0",
            "score": 51.78679850810999,
            "epoch": 1,
            "max_thresh": 0.54,
            "thresholds": [
                0.5,
                0.5133,
                0.5267,
                0.54
            ],
            "win_rates": [
                49.01719901719901,
                48.883374689826304,
                48.36065573770492,
                55.55555555555556
            ],
            "totals": [
                814,
                806,
                610,
                45
            ]
        },
        {
            "strategy": "BEST_VLOSS",
            "score": -17.6409550011158,
            "epoch": 1,
            "max_thresh": 0.54,
            "thresholds": [
                0.5,
                0.5133,
                0.5267,
                0.54
            ],
            "win_rates": [
                49.01719901719901,
                48.883374689826304,
                48.36065573770492,
                55.55555555555556
            ],
            "totals": [
                814,
                806,
                610,
                45
            ]
        }
    ]
}