{
    "target": "xauusd",
    "version": "Independent_Multi_Session_v1.5",
    "epochs_trained": 17,
    "dimensions": {
        "num_features_target": 0,
        "num_features_macro": 21
    },
    "sessions": {
        "ny": {
            "L3_1.4_L4_1.0": {
                "epoch": 16,
                "composite_score": 0.7435084541062802,
                "max_thresh": 0.54,
                "thresholds": [
                    0.5,
                    0.5133,
                    0.5267,
                    0.54
                ],
                "win_rates": [
                    52.22802087515054,
                    53.860465116279066,
                    67.93478260869566,
                    83.33333333333334
                ],
                "totals": [
                    2491,
                    1075,
                    184,
                    30
                ]
            },
            "L3_1.1_L4_1.0": {
                "epoch": 16,
                "composite_score": 0.7526742581090408,
                "max_thresh": 0.54,
                "thresholds": [
                    0.5,
                    0.5133,
                    0.5267,
                    0.54
                ],
                "win_rates": [
                    52.22802087515054,
                    53.860465116279066,
                    67.93478260869566,
                    83.33333333333334
                ],
                "totals": [
                    2491,
                    1075,
                    184,
                    30
                ]
            },
            "BEST_VLOSS": {
                "epoch": 4,
                "composite_score": -0.1725437104701996,
                "max_thresh": 0.55,
                "thresholds": [
                    0.5,
                    0.5167,
                    0.5333,
                    0.55
                ],
                "win_rates": [
                    53.67322360497791,
                    55.77092511013216,
                    56.284153005464475,
                    70.49180327868852
                ],
                "totals": [
                    2491,
                    1135,
                    366,
                    61
                ]
            }
        }
    }
}