{
    "target": "ltcusdt",
    "version": "Transformer_V3",
    "dimensions": {
        "num_features_target": 0,
        "num_features_macro": 38
    },
    "sessions": {
        "asian": {
            "BEST_VLOSS": {
                "epoch": 1,
                "max_threshold": 0.57,
                "composite_score": 0.13549999999999998,
                "val_loss": 0.9352249059412214,
                "threshold_metrics": [
                    {
                        "threshold": 0.53,
                        "total_signals": 282,
                        "win_rate": 0.41843971631205673,
                        "avg_win_return": 0.001,
                        "avg_loss_return": 0.001,
                        "ev_score": 0.2565817161561842,
                        "sharpe_score": 0.0,
                        "total_buy": 141,
                        "total_sell": 141
                    },
                    {
                        "threshold": 0.5433,
                        "total_signals": 163,
                        "win_rate": 0.4110429447852761,
                        "avg_win_return": 0.001,
                        "avg_loss_return": 0.001,
                        "ev_score": 0.25076204807655206,
                        "sharpe_score": 0.0,
                        "total_buy": 81,
                        "total_sell": 82
                    },
                    {
                        "threshold": 0.5567,
                        "total_signals": 94,
                        "win_rate": 0.35106382978723405,
                        "avg_win_return": 0.001,
                        "avg_loss_return": 0.001,
                        "ev_score": 0.19799999999999998,
                        "sharpe_score": 0.0,
                        "total_buy": 47,
                        "total_sell": 47
                    },
                    {
                        "threshold": 0.57,
                        "total_signals": 38,
                        "win_rate": 0.21052631578947367,
                        "avg_win_return": 0.001,
                        "avg_loss_return": 0.001,
                        "ev_score": 0.047999999999999994,
                        "sharpe_score": 0.0,
                        "total_buy": 19,
                        "total_sell": 19
                    }
                ],
                "win_rates": [
                    0.41843971631205673,
                    0.4110429447852761,
                    0.35106382978723405,
                    0.21052631578947367
                ],
                "thresholds": [
                    0.53,
                    0.5433,
                    0.5567,
                    0.57
                ],
                "totals": [
                    282,
                    163,
                    94,
                    38
                ]
            }
        }
    }
}