{
    "target": "xauusd",
    "status": "RUNNING_OR_DONE",
    "epochs_trained": 10,
    "best_winrate": 67.34084314729476,
    "best_val_loss": 0.1725546047091484,
    "best_max_thresh": 0.55,
    "thresholds": [
        0.5,
        0.5167,
        0.5333,
        0.55
    ],
    "win_rates": [
        52.45700245700245,
        54.145077720207254,
        61.111111111111114,
        74.19354838709677
    ],
    "totals": [
        814,
        386,
        108,
        31
    ],
    "top_configs_saved": [
        {
            "strategy": "L3_1.4_L4_1.0",
            "score": 67.0045045045045,
            "epoch": 2,
            "max_thresh": 0.53,
            "thresholds": [
                0.5,
                0.51,
                0.52,
                0.53
            ],
            "win_rates": [
                49.631449631449634,
                53.84615384615385,
                64.86486486486487,
                70.0
            ],
            "totals": [
                814,
                416,
                111,
                30
            ]
        },
        {
            "strategy": "L3_1.1_L4_1.0",
            "score": 67.34084314729476,
            "epoch": 10,
            "max_thresh": 0.55,
            "thresholds": [
                0.5,
                0.5167,
                0.5333,
                0.55
            ],
            "win_rates": [
                52.45700245700245,
                54.145077720207254,
                61.111111111111114,
                74.19354838709677
            ],
            "totals": [
                814,
                386,
                108,
                31
            ]
        },
        {
            "strategy": "BEST_VLOSS",
            "score": -17.25546047091484,
            "epoch": 10,
            "max_thresh": 0.55,
            "thresholds": [
                0.5,
                0.5167,
                0.5333,
                0.55
            ],
            "win_rates": [
                52.45700245700245,
                54.145077720207254,
                61.111111111111114,
                74.19354838709677
            ],
            "totals": [
                814,
                386,
                108,
                31
            ]
        }
    ]
}