{
    "target": "xauusd",
    "version": "Independent_Multi_Session_v2.0",
    "dimensions": {
        "num_features_target": 15,
        "num_features_macro": 41
    },
    "sessions": {
        "asia": {
            "EV_L3_1.4_L4_1.0": {
                "epoch": 20,
                "max_threshold": 0.52,
                "composite_score": 0.0004658050749689613,
                "session_evs": {},
                "best_ev": 0.000624020255848088,
                "val_loss": 0.17335591713587442,
                "threshold_metrics": [
                    {
                        "threshold": 0.5,
                        "total_signals": 1580,
                        "win_rate": 48.164556962025316,
                        "avg_win_return": 0.0012218388728797436,
                        "avg_loss_return": 0.0012967853108420968,
                        "ev_score": -8.370113121404586e-05,
                        "sharpe_score": -1.9450030452659233
                    },
                    {
                        "threshold": 0.5067,
                        "total_signals": 176,
                        "win_rate": 48.86363636363637,
                        "avg_win_return": 0.0016805465565994382,
                        "avg_loss_return": 0.0018548296066001058,
                        "ev_score": -0.00012731625412760127,
                        "sharpe_score": -0.7267773691197301
                    },
                    {
                        "threshold": 0.5133,
                        "total_signals": 59,
                        "win_rate": 57.6271186440678,
                        "avg_win_return": 0.00201651849783957,
                        "avg_loss_return": 0.0019098707707598805,
                        "ev_score": 0.0003527942314838707,
                        "sharpe_score": 1.0966365101729074
                    },
                    {
                        "threshold": 0.52,
                        "total_signals": 33,
                        "win_rate": 60.60606060606061,
                        "avg_win_return": 0.002238223794847727,
                        "avg_loss_return": 0.0018593698041513562,
                        "ev_score": 0.000624020255848088,
                        "sharpe_score": 1.2550765165222824
                    }
                ]
            },
            "EV_L3_1.1_L4_1.0": {
                "epoch": 20,
                "max_threshold": 0.52,
                "composite_score": 0.000481949481181117,
                "session_evs": {},
                "best_ev": 0.000624020255848088,
                "val_loss": 0.17335591713587442,
                "threshold_metrics": [
                    {
                        "threshold": 0.5,
                        "total_signals": 1580,
                        "win_rate": 48.164556962025316,
                        "avg_win_return": 0.0012218388728797436,
                        "avg_loss_return": 0.0012967853108420968,
                        "ev_score": -8.370113121404586e-05,
                        "sharpe_score": -1.9450030452659233
                    },
                    {
                        "threshold": 0.5067,
                        "total_signals": 176,
                        "win_rate": 48.86363636363637,
                        "avg_win_return": 0.0016805465565994382,
                        "avg_loss_return": 0.0018548296066001058,
                        "ev_score": -0.00012731625412760127,
                        "sharpe_score": -0.7267773691197301
                    },
                    {
                        "threshold": 0.5133,
                        "total_signals": 59,
                        "win_rate": 57.6271186440678,
                        "avg_win_return": 0.00201651849783957,
                        "avg_loss_return": 0.0019098707707598805,
                        "ev_score": 0.0003527942314838707,
                        "sharpe_score": 1.0966365101729074
                    },
                    {
                        "threshold": 0.52,
                        "total_signals": 33,
                        "win_rate": 60.60606060606061,
                        "avg_win_return": 0.002238223794847727,
                        "avg_loss_return": 0.0018593698041513562,
                        "ev_score": 0.000624020255848088,
                        "sharpe_score": 1.2550765165222824
                    }
                ]
            },
            "BEST_VLOSS": {
                "epoch": 1,
                "max_threshold": 0.5,
                "composite_score": -0.17332842697699866,
                "session_evs": {},
                "best_ev": -8.867192479982224e-05,
                "val_loss": 0.17332842697699866,
                "threshold_metrics": [
                    {
                        "threshold": 0.5,
                        "total_signals": 1580,
                        "win_rate": 46.392405063291136,
                        "avg_win_return": 0.0012631547870114446,
                        "avg_loss_return": 0.0012585526565089822,
                        "ev_score": -8.867192479982224e-05,
                        "sharpe_score": -2.0605117429560327
                    },
                    {
                        "threshold": 0.5,
                        "total_signals": 1580,
                        "win_rate": 46.392405063291136,
                        "avg_win_return": 0.0012631547870114446,
                        "avg_loss_return": 0.0012585526565089822,
                        "ev_score": -8.867192479982224e-05,
                        "sharpe_score": -2.0605117429560327
                    },
                    {
                        "threshold": 0.5,
                        "total_signals": 1580,
                        "win_rate": 46.392405063291136,
                        "avg_win_return": 0.0012631547870114446,
                        "avg_loss_return": 0.0012585526565089822,
                        "ev_score": -8.867192479982224e-05,
                        "sharpe_score": -2.0605117429560327
                    },
                    {
                        "threshold": 0.5,
                        "total_signals": 1580,
                        "win_rate": 46.392405063291136,
                        "avg_win_return": 0.0012631547870114446,
                        "avg_loss_return": 0.0012585526565089822,
                        "ev_score": -8.867192479982224e-05,
                        "sharpe_score": -2.0605117429560327
                    }
                ]
            }
        },
        "london": {
            "EV_L3_1.4_L4_1.0": {
                "epoch": 26,
                "max_threshold": 0.5,
                "composite_score": 7.681695694586885e-05,
                "session_evs": {},
                "best_ev": 7.681695694586885e-05,
                "val_loss": 0.17332498729228973,
                "threshold_metrics": [
                    {
                        "threshold": 0.5,
                        "total_signals": 991,
                        "win_rate": 52.976791120080726,
                        "avg_win_return": 0.0010189579334110022,
                        "avg_loss_return": 0.0009846079628914595,
                        "ev_score": 7.681695694586885e-05,
                        "sharpe_score": 1.9482969110009816
                    },
                    {
                        "threshold": 0.5,
                        "total_signals": 991,
                        "win_rate": 52.976791120080726,
                        "avg_win_return": 0.0010189579334110022,
                        "avg_loss_return": 0.0009846079628914595,
                        "ev_score": 7.681695694586885e-05,
                        "sharpe_score": 1.9482969110009816
                    },
                    {
                        "threshold": 0.5,
                        "total_signals": 991,
                        "win_rate": 52.976791120080726,