{"scaler": {"center_": [9.999994999180668e-07, 0.000576288992867025, -0.0006312576845122987, 9.999994999180668e-07, 0.18348455518764603, 0.19565178724943963, 0.001505924732333447, 0.006086298726310315, 0.0, 2.6020852139652106e-18, 0.0, 0.0012627378523009695, 0.0, 0.9751176800597332, 0.0005789877312024279, 0.0004184026746909391, 0.013623811568341235, 0.020193223293057366, 0.009898666235487928, 0.015999664412279162, 0.0015565211549838952, 0.0, 0.0, 0.0, 0.9366596910517194, 0.0, 0.0, 6.782591293375962, 9.999994999180668e-07, 0.0028224019015182333, 187.0, 9.999994999180668e-07, -2.522611063180647e-09, 32.0], "scale_": [6.742674141592728e-05, 0.0010041891715612547, 0.0011077372615620593, 0.0011397255616829244, 0.3207825590925577, 0.3575589652503242, 0.001235693890796263, 0.005505255620399789, 1.8737511410042549, 0.03205676383434754, 0.02512857490331963, 0.02818219757042824, 0.03781680631296806, 0.3094351587291809, 0.016805630882005977, 0.015761059213674256, 0.02699985982727445, 0.026414258599461657, 0.025811585211131673, 0.028687923212394054, 0.016365742290758642, 0.013284934522496222, 0.009390070488638035, 0.01150590758464121, 0.40233631505381795, 30.0, 0.05300000000001148, 0.5871130846253125, 0.0004610015950336626, 0.0026687911799273584, 215.0, 0.00010238875893709219, 5.544167464009083e-08, 34.0], "feature_names_in_": ["log_return_open", "log_return_high", "log_return_low", "log_return_close", "upper_wick_pct", "lower_wick_pct", "atr_normalized", "bb_width", "bb_zscore", "macd_hist", "london_open_dist", "asian_open_dist", "ny_open_dist", "vroc", "vwap_distance", "vwap_distance_ny", "dist_to_daily_high", "dist_to_daily_low", "asian_high_dist", "asian_low_dist", "london_high_dist", "london_low_dist", "ny_high_dist", "ny_low_dist", "vol_surge_ratio", "vol_accel", "wick_accel", "volume_effort", "XAUUSDm_log_ret", "XAUUSDm_bb_width", "XAUUSDm_volume", "DXYm_log_ret", "DXYm_dxy_xau_anomaly", "DXYm_volume"]}, "column_order": ["log_return_open", "log_return_high", "log_return_low", "log_return_close", "upper_wick_pct", "lower_wick_pct", "atr_normalized", "bb_width", "bb_zscore", "chop_14", "rsi_14_scaled", "rsi_5_scaled", "macd_hist", "hour_sin", "hour_cos", "minute_sin", "minute_cos", "is_asian", "is_london", "is_ny", "is_overlap", "is_nyse_open", "is_london_fix", "london_open_dist", "asian_open_dist", "ny_open_dist", "body_pct", "vroc", "vwap_distance", "vwap_distance_ny", "dist_to_daily_high", "dist_to_daily_low", "asian_high_dist", "asian_low_dist", "london_high_dist", "london_low_dist", "ny_high_dist", "ny_low_dist", "vol_surge_ratio", "vol_accel", "streak_count", "wick_accel", "volume_effort", "adx_normalized", "XAUUSDm_log_ret", "XAUUSDm_bb_width", "XAUUSDm_volume", "DXYm_log_ret", "DXYm_dxy_xau_anomaly", "DXYm_volume"]}