{"scaler": {"center_": [9.999994999180668e-07, 0.000246503807325595, -0.00024474226696113527, 9.999994999180668e-07, 0.16663889351735237, 0.17708148873444957, 0.000712911631364144, 0.0032663235492585013, 0.15092821735627843, -7.838297162265906e-05, 0.0017536467704037059, 0.001784128179613357, 0.0014810067952752389, 0.9701491813321507, 0.000813991334136653, 0.006208461936699254, 0.010821150325633643, 0.0, 0.0, 7.072079303752109, 4.096196452561416e-06, 0.0016571412768837555, 179.0, 9.999994999180668e-07, 0.0006592276552467692, 9.999994999180668e-07, -1.5503633336524257e-09], "scale_": [5.082920834432069e-05, 0.0005353239172657622, 0.000538253664259245, 0.0005982818322840863, 0.35956856576961366, 0.37352943019656154, 0.0008484890774898723, 0.004064516335965907, 2.046223166766915, 0.010918488235030712, 0.020097381241567874, 0.015965692199914033, 0.015368890522546001, 0.33327886647594074, 0.008091466730993322, 0.012007005532175161, 0.015871492993601192, 13.0, 0.017000000000003013, 0.6508338181013258, 0.0003247318018576431, 0.0017070365441662605, 200.0, 0.00013487157112934033, 0.0005365811153219935, 0.00010069092385316872, 2.622777727306952e-08], "feature_names_in_": ["log_return_open", "log_return_high", "log_return_low", "log_return_close", "upper_wick_pct", "lower_wick_pct", "atr_normalized", "bb_width", "bb_zscore", "macd_hist", "london_open_dist", "asian_open_dist", "ny_open_dist", "vroc", "vwap_distance", "dist_to_daily_high", "dist_to_daily_low", "vol_accel", "wick_accel", "volume_effort", "XAUUSDm_log_ret", "XAUUSDm_bb_width", "XAUUSDm_volume", "USDJPYm_log_ret", "USDJPYm_bb_width", "DXYm_log_ret", "DXYm_dxy_xau_anomaly"]}, "column_order": null}