{"scaler": {"center_": [9.999994999180668e-07, 0.0007106440903304803, -0.0007911382132760324, 9.999994999180668e-07, 0.20467716563058264, 0.19718032140387032, 0.0015968991795259214, 0.005890394991009137, 0.0, 6.938893903907228e-18, 0.0, 0.0, 0.0, 0.9999999655172426, 0.0005789877312024279, 0.0003959057624569156, 0.012814070198443741, 0.01799167254077564, 0.0071621995339496355, 0.012316506095192607, 0.9999999333333378, 0.0, 0.0, 6.722257523453856, 9.999994999180668e-07, 0.002917211788528334, 172.0, 9.999994999180668e-07, 76.0, 9.999994999180668e-07, 59.0], "scale_": [9.709051630741136e-05, 0.0010862288794500317, 0.0015679460294625676, 0.0008889425880089178, 0.3564311545946253, 0.3366565610970172, 0.0018128227028042405, 0.00527159916795182, 1.5367040542679655, 0.02506574933888845, 0.02035373264994009, 0.020559167985864137, 0.031669928344657386, 0.24097116546078756, 0.014081485804991432, 0.01171418870352162, 0.02600522003293886, 0.027849323939708504, 0.02458520802205738, 0.029830351342688993, 0.2953970672962929, 24.0, 0.04200000000000159, 0.6457386745271814, 0.0003656845040916571, 0.004048850864836076, 187.0, 0.00034229068654622436, 49.0, 0.0003777905153517061, 38.0], "feature_names_in_": ["log_return_open", "log_return_high", "log_return_low", "log_return_close", "upper_wick_pct", "lower_wick_pct", "atr_normalized", "bb_width", "bb_zscore", "macd_hist", "london_open_dist", "asian_open_dist", "ny_open_dist", "vroc", "vwap_distance", "vwap_distance_ny", "dist_to_daily_high", "dist_to_daily_low", "asian_high_dist", "asian_low_dist", "vol_surge_ratio", "vol_accel", "wick_accel", "volume_effort", "XAUUSDm_log_ret", "XAUUSDm_bb_width", "XAUUSDm_volume", "BTCUSDm_log_ret", "BTCUSDm_volume", "ETHUSDm_log_ret", "ETHUSDm_volume"]}, "column_order": ["log_return_open", "log_return_high", "log_return_low", "log_return_close", "upper_wick_pct", "lower_wick_pct", "atr_normalized", "bb_width", "bb_zscore", "chop_14", "rsi_14_scaled", "rsi_5_scaled", "macd_hist", "hour_sin", "hour_cos", "minute_sin", "minute_cos", "is_asian", "is_london", "is_ny", "is_overlap", "is_nyse_open", "is_london_fix", "london_open_dist", "asian_open_dist", "ny_open_dist", "body_pct", "vroc", "vwap_distance", "vwap_distance_ny", "dist_to_daily_high", "dist_to_daily_low", "asian_high_dist", "asian_low_dist", "vol_surge_ratio", "vol_accel", "streak_count", "wick_accel", "volume_effort", "adx_normalized", "XAUUSDm_log_ret", "XAUUSDm_bb_width", "XAUUSDm_volume", "BTCUSDm_log_ret", "BTCUSDm_volume", "ETHUSDm_log_ret", "ETHUSDm_volume"]}