{"scaler": {"center_": [9.999994999180668e-07, 0.0006142458067294268, -0.0006196549611955939, 9.999994999180668e-07, 0.19090735538768652, 0.1851836419882801, 0.0015598256119478794, 0.006313794805778662, 0.0, 1.3877787807814457e-17, 0.0, 0.0012862674204864846, -0.0013138797652789379, 0.9715779270098488, 0.0006239464548143067, 0.0005528060794902727, 0.014793021698150749, 0.021362841370510345, 0.01081417980528793, 0.01688033895217697, 0.9386762824427619, 0.0, 0.0, 6.764645267812846, 9.999994999180668e-07, 0.0028080660629311916, 185.0, 9.999994999180668e-07, -3.0637086747262292e-09, 0.0005573549084919103, 32.0, 9.999994999180668e-07, 0.000659321204066324, 44.0, 9.999994999180668e-07, 0.0010253952420220458, 36.0, 9.999994999180668e-07, 20.0], "scale_": [6.660471558139553e-05, 0.001040364367949088, 0.0012028581727742847, 0.0011911721601937056, 0.3310502037439624, 0.3406917747062481, 0.0013699011385284099, 0.006064362544045354, 1.897497310391715, 0.03335365134133575, 0.026884910389707348, 0.030167967170415366, 0.040508717080207306, 0.31395577543865794, 0.018151495184859097, 0.016930254510292505, 0.03201477861328094, 0.028174240575628826, 0.02823050206741517, 0.029198386312832184, 0.39632881308749623, 32.0, 0.055999999999997385, 0.5727504981504623, 0.000488408903392498, 0.0029704754778770966, 212.0, 0.00010168762541404528, 5.9196386564600624e-08, 0.000508708722892576, 33.0, 0.00013276830923054453, 0.000555462920982106, 41.0, 0.00019770886524918068, 0.0009046984236263496, 38.0, 0.00017128434014223947, 18.0], "feature_names_in_": ["log_return_open", "log_return_high", "log_return_low", "log_return_close", "upper_wick_pct", "lower_wick_pct", "atr_normalized", "bb_width", "bb_zscore", "macd_hist", "london_open_dist", "asian_open_dist", "ny_open_dist", "vroc", "vwap_distance", "vwap_distance_ny", "dist_to_daily_high", "dist_to_daily_low", "asian_high_dist", "asian_low_dist", "vol_surge_ratio", "vol_accel", "wick_accel", "volume_effort", "XAUUSDm_log_ret", "XAUUSDm_bb_width", "XAUUSDm_volume", "DXYm_log_ret", "DXYm_dxy_xau_anomaly", "DXYm_bb_width", "DXYm_volume", "USDJPYm_log_ret", "USDJPYm_bb_width", "USDJPYm_volume", "AUDUSDm_log_ret", "AUDUSDm_bb_width", "AUDUSDm_volume", "NZDUSDm_log_ret", "NZDUSDm_volume"]}, "column_order": ["log_return_open", "log_return_high", "log_return_low", "log_return_close", "upper_wick_pct", "lower_wick_pct", "atr_normalized", "bb_width", "bb_zscore", "chop_14", "rsi_14_scaled", "rsi_5_scaled", "macd_hist", "hour_sin", "hour_cos", "minute_sin", "minute_cos", "is_asian", "is_london", "is_ny", "is_overlap", "is_nyse_open", "is_london_fix", "london_open_dist", "asian_open_dist", "ny_open_dist", "body_pct", "vroc", "vwap_distance", "vwap_distance_ny", "dist_to_daily_high", "dist_to_daily_low", "asian_high_dist", "asian_low_dist", "vol_surge_ratio", "vol_accel", "streak_count", "wick_accel", "volume_effort", "adx_normalized", "XAUUSDm_log_ret", "XAUUSDm_target_corr_60", "XAUUSDm_bb_width", "XAUUSDm_volume", "DXYm_log_ret", "DXYm_dxy_xau_anomaly", "DXYm_bb_width", "DXYm_volume", "USDJPYm_log_ret", "USDJPYm_bb_width", "USDJPYm_volume", "AUDUSDm_log_ret", "AUDUSDm_bb_width", "AUDUSDm_volume", "NZDUSDm_log_ret", "NZDUSDm_volume"]}