{"scaler": {"center_": [9.999994999180668e-07, 0.00043613475991725284, -0.00043800648858321285, 9.999994999180668e-07, 0.18749765627930762, 0.19999764708660517, 0.001165143326629358, 0.004955927330958567, 0.02769473225061653, -0.00026790728606901695, 0.0009907843348743734, -0.0006585863107945615, 0.0004294638153375512, 0.9440993671540452, 0.00020711591830257652, 0.0003369366992095112, 0.01184986846336128, 0.014494398848339918, 0.00785310935949648, 0.009348367885843272, 0.0027705895199906226, 0.004583489389490635, 0.0, 0.0, 0.918502196573774, -1.0, -0.000999999999990564, 7.0065081004867835, 0.0, -58.0, 0.0, 0.0, 1.5865885935326287e-06, 0.002262981489510351, 182.0, 3.617643367956163e-06, 52.0, 5.18901212759952e-06, 38.0], "scale_": [5.277768014875344e-05, 0.000764341724907504, 0.0007754345388680511, 0.0009807581955933212, 0.33749792054874495, 0.3452031531521845, 0.0008686356597205232, 0.004594758052715943, 2.0704612908223425, 0.026406413596283394, 0.0312809454317542, 0.030019644083380547, 0.02447567439836349, 0.3236816184409812, 0.013341838177646798, 0.013945950375093386, 0.021662092750142907, 0.020709166124410296, 0.02257617317444995, 0.022744317352788052, 0.014443731143068423, 0.017312783572675336, 0.0047884435036952624, 0.00740187412960476, 0.4008357969285463, 29.0, 0.04399999999998272, 0.532907303878539, 178.0, 3254.5, 1.0, 1.0, 0.00044708357295101457, 0.0021771088562476237, 188.0, 0.00064114972282734, 45.0, 0.0007800481362577914, 34.0], "feature_names_in_": ["log_return_open", "log_return_high", "log_return_low", "log_return_close", "upper_wick_pct", "lower_wick_pct", "atr_normalized", "bb_width", "bb_zscore", "macd_hist", "london_open_dist", "asian_open_dist", "ny_open_dist", "vroc", "vwap_distance", "vwap_distance_ny", "dist_to_daily_high", "dist_to_daily_low", "asian_high_dist", "asian_low_dist", "london_high_dist", "london_low_dist", "ny_high_dist", "ny_low_dist", "vol_surge_ratio", "vol_accel", "wick_accel", "volume_effort", "delta_volume", "cum_delta_session", "vol_regime_low", "vol_regime_high", "XAUUSDm_log_ret", "XAUUSDm_bb_width", "XAUUSDm_volume", "BTCUSDm_log_ret", "BTCUSDm_volume", "ETHUSDm_log_ret", "ETHUSDm_volume"]}, "column_order": ["log_return_open", "log_return_high", "log_return_low", "log_return_close", "upper_wick_pct", "lower_wick_pct", "atr_normalized", "bb_width", "bb_zscore", "chop_14", "rsi_14_scaled", "rsi_5_scaled", "macd_hist", "hour_sin", "hour_cos", "minute_sin", "minute_cos", "is_asian", "is_london", "is_ny", "is_overlap", "is_nyse_open", "is_london_fix", "london_open_dist", "asian_open_dist", "ny_open_dist", "body_pct", "vroc", "vwap_distance", "vwap_distance_ny", "dist_to_daily_high", "dist_to_daily_low", "asian_high_dist", "asian_low_dist", "london_high_dist", "london_low_dist", "ny_high_dist", "ny_low_dist", "vol_surge_ratio", "vol_accel", "streak_count", "wick_accel", "volume_effort", "adx_normalized", "delta_volume", "cum_delta_session", "vol_regime_low", "vol_regime_high", "XAUUSDm_log_ret", "XAUUSDm_bb_width", "XAUUSDm_volume", "BTCUSDm_log_ret", "BTCUSDm_volume", "ETHUSDm_log_ret", "ETHUSDm_volume"]}