{"scaler": {"center_": [9.999994999180668e-07, 0.0004537707199034742, -0.0004552154943058914, 9.999994999180668e-07, 0.18888679014672352, 0.19999500012521002, 0.0012174857118682862, 0.0051412319555153695, 0.029941813919970996, -0.00021782233812443763, 0.0014762847907804075, -0.00035022326295223614, -0.000960339224740249, 0.9456264663637535, 0.00013360843950895428, 0.011408898294835877, 0.01386777101311044, -1.0, -0.0009999999999763531, 6.987368523685333, 5.827699903186231e-07, 0.00245904095232973, 197.0, 1.7958665582703412e-06, 143.0, 9.999994999180668e-07, -6.741269541342564e-09, 0.0005401184767355995, 32.0], "scale_": [5.322350314972022e-05, 0.0007991311494281266, 0.0008049111239486459, 0.0010201056120541492, 0.33846744013751284, 0.3459350262600106, 0.0008885610812868163, 0.004592914548966128, 2.0736962402747827, 0.027200935791219502, 0.03362963077920898, 0.026660411534315184, 0.024756668568964267, 0.3223337390378377, 0.013147733142126108, 0.020350191913638127, 0.01949092971973452, 29.0, 0.045000000000001705, 0.5341618190782196, 0.00048183015197475357, 0.0023915231411791053, 221.0, 0.00028724026314360507, 171.0, 0.00010105035522411674, 5.34920292060892e-08, 0.0005005836384559454, 32.0], "feature_names_in_": ["log_return_open", "log_return_high", "log_return_low", "log_return_close", "upper_wick_pct", "lower_wick_pct", "atr_normalized", "bb_width", "bb_zscore", "macd_hist", "london_open_dist", "asian_open_dist", "ny_open_dist", "vroc", "vwap_distance", "dist_to_daily_high", "dist_to_daily_low", "vol_accel", "wick_accel", "volume_effort", "XAUUSDm_log_ret", "XAUUSDm_bb_width", "XAUUSDm_volume", "USTECm_log_ret", "USTECm_volume", "DXYm_log_ret", "DXYm_dxy_xau_anomaly", "DXYm_bb_width", "DXYm_volume"]}, "column_order": null}