{"scaler": {"center_": [9.999994999180668e-07, 0.0005451377065917659, -0.0006776974008542966, 9.999994999180668e-07, 0.1946478569007091, 0.19317962295879698, 0.0012522395868466369, 0.005695584143106032, 0.0, 6.938893903907228e-18, 0.0, 0.0, 0.0, 0.9999999655172426, 0.0003613943822570799, 0.0002110604434174036, 0.009084998359141252, 0.013397460051572498, 0.003939877424349422, 0.008663349439887287, 0.0, 0.0, 0.0, 0.0, 0.9999999545454565, 0.0, 0.0, 6.722257523453856, 9.999994999180668e-07, 0.0021082867339016565, 152.0, 9.999994999180668e-07, 53.0, 9.999994999180668e-07, 40.0], "scale_": [9.65476471074336e-05, 0.000855548882614751, 0.0011617905864487652, 0.0006349590244262583, 0.29162608580636507, 0.36145997992806617, 0.0013370567308531173, 0.004569448765049862, 1.359354489607174, 0.017687539423302052, 0.014360338405988025, 0.015409847304154541, 0.023310566237593106, 0.20486495076197286, 0.010284322405371268, 0.009078232861076419, 0.02011809605323369, 0.02544491213479032, 0.017696579147554514, 0.025312423480758187, 0.008029376996665226, 0.010081716167661103, 0.0038505131195570347, 0.005799117268388487, 0.24984350073346662, 18.0, 0.028999999999996362, 0.663568781328018, 0.0002704998370664275, 0.002799828705359852, 138.0, 0.0003979679692469553, 58.0, 0.00047116308459902573, 46.0], "feature_names_in_": ["log_return_open", "log_return_high", "log_return_low", "log_return_close", "upper_wick_pct", "lower_wick_pct", "atr_normalized", "bb_width", "bb_zscore", "macd_hist", "london_open_dist", "asian_open_dist", "ny_open_dist", "vroc", "vwap_distance", "vwap_distance_ny", "dist_to_daily_high", "dist_to_daily_low", "asian_high_dist", "asian_low_dist", "london_high_dist", "london_low_dist", "ny_high_dist", "ny_low_dist", "vol_surge_ratio", "vol_accel", "wick_accel", "volume_effort", "XAUUSDm_log_ret", "XAUUSDm_bb_width", "XAUUSDm_volume", "BTCUSDm_log_ret", "BTCUSDm_volume", "ETHUSDm_log_ret", "ETHUSDm_volume"]}, "column_order": ["log_return_open", "log_return_high", "log_return_low", "log_return_close", "upper_wick_pct", "lower_wick_pct", "atr_normalized", "bb_width", "bb_zscore", "chop_14", "rsi_14_scaled", "rsi_5_scaled", "macd_hist", "hour_sin", "hour_cos", "minute_sin", "minute_cos", "is_asian", "is_london", "is_ny", "is_overlap", "is_nyse_open", "is_london_fix", "london_open_dist", "asian_open_dist", "ny_open_dist", "body_pct", "vroc", "vwap_distance", "vwap_distance_ny", "dist_to_daily_high", "dist_to_daily_low", "asian_high_dist", "asian_low_dist", "london_high_dist", "london_low_dist", "ny_high_dist", "ny_low_dist", "vol_surge_ratio", "vol_accel", "streak_count", "wick_accel", "volume_effort", "adx_normalized", "XAUUSDm_log_ret", "XAUUSDm_bb_width", "XAUUSDm_volume", "BTCUSDm_log_ret", "BTCUSDm_volume", "ETHUSDm_log_ret", "ETHUSDm_volume"]}