{"scaler": {"center_": [9.999994999180668e-07, 0.0005956987674706935, -0.0005985260716110633, 9.999994999180668e-07, 0.18333231482048046, 0.19999809525624918, 0.0015329832035937156, 0.006647608251907543, 0.07185380486122356, -0.00031927235911117114, -0.0009038750978846561, 0.0028477029304563115, -0.004244345823836082, 0.9466263767486878, 0.0011034061181407128, 3.7840918005082463e-05, 0.015434281761843117, 0.021881494842600078, 0.012537225974672817, 0.018686005249516358, 0.9194880254667648, -1.0, -1.4210854715202004e-14, 6.802373450181189, 3.972920919635135e-06, 0.0028119443357899846, 195.0], "scale_": [5.5596974381794984e-05, 0.0010735464799613722, 0.0010865550049535808, 0.0013298844589335276, 0.33739936973599594, 0.349316179299254, 0.0012493952356030685, 0.006423538533325028, 2.051825368411248, 0.03705889933243934, 0.029689422998754895, 0.03465688068564113, 0.04442124652795953, 0.34569179639562475, 0.018664687592425195, 0.01805818228890134, 0.031257270892402114, 0.02782325083837126, 0.029238396259559263, 0.027892281132501928, 0.4286042819270901, 36.0, 0.06299999999997397, 0.5666504626046205, 0.0005453280765316171, 0.002758796569654152, 217.0], "feature_names_in_": ["log_return_open", "log_return_high", "log_return_low", "log_return_close", "upper_wick_pct", "lower_wick_pct", "atr_normalized", "bb_width", "bb_zscore", "macd_hist", "london_open_dist", "asian_open_dist", "ny_open_dist", "vroc", "vwap_distance", "vwap_distance_ny", "dist_to_daily_high", "dist_to_daily_low", "asian_high_dist", "asian_low_dist", "vol_surge_ratio", "vol_accel", "wick_accel", "volume_effort", "XAUUSDm_log_ret", "XAUUSDm_bb_width", "XAUUSDm_volume"]}, "column_order": ["log_return_open", "log_return_high", "log_return_low", "log_return_close", "upper_wick_pct", "lower_wick_pct", "atr_normalized", "bb_width", "bb_zscore", "chop_14", "rsi_14_scaled", "rsi_5_scaled", "macd_hist", "hour_sin", "hour_cos", "minute_sin", "minute_cos", "is_asian", "is_london", "is_ny", "is_overlap", "is_nyse_open", "is_london_fix", "london_open_dist", "asian_open_dist", "ny_open_dist", "body_pct", "vroc", "vwap_distance", "vwap_distance_ny", "dist_to_daily_high", "dist_to_daily_low", "asian_high_dist", "asian_low_dist", "vol_surge_ratio", "vol_accel", "streak_count", "wick_accel", "volume_effort", "adx_normalized", "XAUUSDm_log_ret", "XAUUSDm_bb_width", "XAUUSDm_volume"]}