{
    "target": "xauusd",
    "status": "RUNNING_OR_DONE",
    "epochs_trained": 392,
    "best_winrate": 71.0824045930429,
    "best_val_loss": 0.17366077601909638,
    "best_max_thresh": 0.84,
    "thresholds": [
        0.5,
        0.6133,
        0.7267,
        0.84
    ],
    "win_rates": [
        51.36054421768708,
        51.66051660516605,
        56.91489361702128,
        86.66666666666667
    ],
    "totals": [
        1176,
        542,
        188,
        30
    ],
    "top_configs_saved": [
        {
            "strategy": "L3_1.4_L4_1.0",
            "score": 69.3114657210402,
            "epoch": 392,
            "max_thresh": 0.84,
            "thresholds": [
                0.5,
                0.6133,
                0.7267,
                0.84
            ],
            "win_rates": [
                51.36054421768708,
                51.66051660516605,
                56.91489361702128,
                86.66666666666667
            ],
            "totals": [
                1176,
                542,
                188,
                30
            ]
        },
        {
            "strategy": "L3_1.1_L4_1.0",
            "score": 71.0824045930429,
            "epoch": 392,
            "max_thresh": 0.84,
            "thresholds": [
                0.5,
                0.6133,
                0.7267,
                0.84
            ],
            "win_rates": [
                51.36054421768708,
                51.66051660516605,
                56.91489361702128,
                86.66666666666667
            ],
            "totals": [
                1176,
                542,
                188,
                30
            ]
        },
        {
            "strategy": "BEST_VLOSS",
            "score": -17.366077601909637,
            "epoch": 139,
            "max_thresh": 0.52,
            "thresholds": [
                0.5,
                0.5067,
                0.5133,
                0.52
            ],
            "win_rates": [
                51.44557823129252,
                51.581243184296625,
                49.031007751937985,
                50.71090047393365
            ],
            "totals": [
                1176,
                917,
                516,
                211
            ]
        }
    ]
}