{
    "target": "xauusd",
    "version": "Independent_Multi_Session_v2.2",
    "dimensions": {
        "num_features_target": 13,
        "num_features_macro": 25
    },
    "sessions": {
        "asia": {},
        "london": {},
        "ny": {
            "EV_L3_1.4_L4_1.0": {
                "epoch": 77,
                "max_threshold": 0.57,
                "composite_score": 0.00014676369087583343,
                "session_evs": {},
                "best_ev": 0.0002260731426933824,
                "val_loss": 0.17427969404629298,
                "threshold_metrics": [
                    {
                        "threshold": 0.5,
                        "total_signals": 6247,
                        "win_rate": 51.080518648951504,
                        "avg_win_return": 0.0010000000474974513,
                        "avg_loss_return": 0.0010000000474974513,
                        "ev_score": 1.9385412166269066e-05,
                        "sharpe_score": 1.5337937674326592,
                        "total_buy": 3313,
                        "total_sell": 2934
                    },
                    {
                        "threshold": 0.5233,
                        "total_signals": 1468,
                        "win_rate": 52.247956403269754,
                        "avg_win_return": 0.0010000000474974513,
                        "avg_loss_return": 0.0010000000474974513,
                        "ev_score": 4.302206129324977e-05,
                        "sharpe_score": 1.6478188517512256,
                        "total_buy": 716,
                        "total_sell": 752
                    },
                    {
                        "threshold": 0.5467,
                        "total_signals": 431,
                        "win_rate": 54.75638051044084,
                        "avg_win_return": 0.0010000000474974513,
                        "avg_loss_return": 0.0010000001639127731,
                        "ev_score": 9.011408243472704e-05,
                        "sharpe_score": 1.8723209388522428,
                        "total_buy": 209,
                        "total_sell": 222
                    },
                    {
                        "threshold": 0.57,
                        "total_signals": 68,
                        "win_rate": 63.23529411764706,
                        "avg_win_return": 0.0010000000474974513,
                        "avg_loss_return": 0.0010000000474974513,
                        "ev_score": 0.0002260731426933824,
                        "sharpe_score": 1.8536962815685505,
                        "total_buy": 37,
                        "total_sell": 31
                    }
                ],
                "win_rates": [
                    51.080518648951504,
                    52.247956403269754,
                    54.75638051044084,
                    63.23529411764706
                ],
                "thresholds": [
                    0.5,
                    0.5233,
                    0.5467,
                    0.57
                ],
                "totals": [
                    6247,
                    1468,
                    431,
                    68
                ]
            },
            "EV_L3_1.1_L4_1.0": {
                "epoch": 77,
                "max_threshold": 0.57,
                "composite_score": 0.00015485649208170577,
                "session_evs": {},
                "best_ev": 0.0002260731426933824,
                "val_loss": 0.17427969404629298,
                "threshold_metrics": [
                    {
                        "threshold": 0.5,
                        "total_signals": 6247,
                        "win_rate": 51.080518648951504,
                        "avg_win_return": 0.0010000000474974513,
                        "avg_loss_return": 0.0010000000474974513,
                        "ev_score": 1.9385412166269066e-05,
                        "sharpe_score": 1.5337937674326592,
                        "total_buy": 3313,
                        "total_sell": 2934
                    },
                    {
                        "threshold": 0.5233,
                        "total_signals": 1468,
                        "win_rate": 52.247956403269754,
                        "avg_win_return": 0.0010000000474974513,
                        "avg_loss_return": 0.0010000000474974513,
                        "ev_score": 4.302206129324977e-05,
                        "sharpe_score": 1.6478188517512256,
                        "total_buy": 716,
                        "total_sell": 752
                    },
                    {
                        "threshold": 0.5467,
                        "total_signals": 431,
                        "win_rate": 54.75638051044084,
                        "avg_win_return": 0.0010000000474974513,
                        "avg_loss_return": 0.0010000001639127731,
                        "ev_score": 9.011408243472704e-05,
                        "sharpe_score": 1.8723209388522428,
                        "total_buy": 209,
                        "total_sell": 222
                    },
                    {
                        "threshold": 0.57,
                        "total_signals": 68,
                        "win_rate": 63.23529411764706,
                        "avg_win_return": 0.0010000000474974513,
                        "avg_loss_return": 0.0010000000474974513,
                        "ev_score": 0.0002260731426933824,
                        "sharpe_score": 1.8536962815685505,
                        "total_buy": 37,
                        "total_sell": 31
                    }
                ],
                "win_rates": [
                    51.080518648951504,
                    52.247956403269754,
                    54.75638051044084,
                    63.23529411764706
                ],
                "thresholds": [
                    0.5,
                    0.5233,
                    0.5467,
                    0.57
                ],
                "totals": [
                    6247,
                    1468,
                    431,
                    68
                ]
            },
            "BEST_VLOSS": {
                "epoch": 50,
                "max_threshold": 0.56,
                "composite_score": -0.17385520466736384,
                "session_evs": {},
                "best_ev": 3.37706594050978e-05,
                "val_loss": 0.17385520466736384,
                "threshold_metrics": [
                    {
                        "threshold": 0.5,
                        "total_signals": 6247,
                        "win_rate": 51.288618536897715,
                        "avg_win_return": 0.0010000001639127731,
                        "avg_loss_return": 0.0010000000474974513,
                        "ev_score": 1.7806966511771216e-05,
                        "sharpe_score": 1.408905522275171,
                        "total_buy": 2476,
                        "total_sell": 3771
                    },
                    {
                        "threshold": 0.52,
                        "total_signals": 1609,
                        "win_rate": 53.57364822871349,
                        "avg_win_return": 0.0009999999310821295,
                        "avg_loss_return": 0.0009999999310821295,
                        "ev_score": 3.37706594050978e-05,
                        "sharpe_score": 1.3549330364990146,
                        "total_buy": 471,
                        "total_sell": 1138
                    },
                    {
                        "threshold": 0.54,
                        "total_signals": 467,
                        "win_rate": 54.17558886509636,
                        "avg_win_return": 0.0010000000474974513,
                        "avg_loss_return": 0.0010000001639127731,
                        "ev_score": 3.0151886296659558e-05,
                        "sharpe_score": 0.6511414472105546,