{
    "target": "xauusd",
    "status": "RUNNING_OR_DONE",
    "epochs_trained": 3,
    "best_winrate": 61.20352250489237,
    "best_val_loss": 0.17293833196163177,
    "best_max_thresh": 0.53,
    "thresholds": [
        0.5,
        0.51,
        0.52,
        0.53
    ],
    "win_rates": [
        53.93120393120393,
        53.086419753086425,
        55.47945205479452,
        67.5
    ],
    "totals": [
        814,
        405,
        146,
        40
    ],
    "top_configs_saved": [
        {
            "strategy": "L3_1.4_L4_1.0",
            "score": 60.48801369863015,
            "epoch": 2,
            "max_thresh": 0.53,
            "thresholds": [
                0.5,
                0.51,
                0.52,
                0.53
            ],
            "win_rates": [
                53.93120393120393,
                53.086419753086425,
                55.47945205479452,
                67.5
            ],
            "totals": [
                814,
                405,
                146,
                40
            ]
        },
        {
            "strategy": "L3_1.1_L4_1.0",
            "score": 61.20352250489237,
            "epoch": 2,
            "max_thresh": 0.53,
            "thresholds": [
                0.5,
                0.51,
                0.52,
                0.53
            ],
            "win_rates": [
                53.93120393120393,
                53.086419753086425,
                55.47945205479452,
                67.5
            ],
            "totals": [
                814,
                405,
                146,
                40
            ]
        },
        {
            "strategy": "BEST_VLOSS",
            "score": -17.293833196163177,
            "epoch": 3,
            "max_thresh": 0.52,
            "thresholds": [
                0.5,
                0.5067,
                0.5133,
                0.52
            ],
            "win_rates": [
                51.105651105651106,
                53.125,
                54.48275862068965,
                63.20754716981132
            ],
            "totals": [
                814,
                544,
                290,
                106
            ]
        }
    ]
}