{
    "target": "xauusd",
    "version": "Transformer_V3",
    "dimensions": {
        "num_features_target": 0,
        "num_features_macro": 38
    },
    "sessions": {
        "ny": {
            "BEST_VLOSS": {
                "epoch": 15,
                "max_threshold": 0.72,
                "composite_score": 0.3546265435707897,
                "val_loss": 1.0039501920342446,
                "threshold_metrics": [
                    {
                        "threshold": 0.53,
                        "total_signals": 5852,
                        "win_rate": 0.4741968557758031,
                        "avg_win_return": 0.001,
                        "avg_loss_return": 0.001,
                        "ev_score": 0.018249090075891913,
                        "sharpe_score": 0.0,
                        "total_buy": 2926,
                        "total_sell": 2926
                    },
                    {
                        "threshold": 0.5933,
                        "total_signals": 1583,
                        "win_rate": 0.4902084649399874,
                        "avg_win_return": 0.001,
                        "avg_loss_return": 0.001,
                        "ev_score": 0.06397101117193897,
                        "sharpe_score": 0.0,
                        "total_buy": 791,
                        "total_sell": 792
                    },
                    {
                        "threshold": 0.6567,
                        "total_signals": 284,
                        "win_rate": 0.4753521126760563,
                        "avg_win_return": 0.001,
                        "avg_loss_return": 0.001,
                        "ev_score": 0.33387407469278235,
                        "sharpe_score": 0.0,
                        "total_buy": 142,
                        "total_sell": 142
                    },
                    {
                        "threshold": 0.72,
                        "total_signals": 42,
                        "win_rate": 0.5238095238095238,
                        "avg_win_return": 0.001,
                        "avg_loss_return": 0.001,
                        "ev_score": 0.38367999999999997,
                        "sharpe_score": 0.0,
                        "total_buy": 21,
                        "total_sell": 21
                    }
                ],
                "win_rates": [
                    0.4741968557758031,
                    0.4902084649399874,
                    0.4753521126760563,
                    0.5238095238095238
                ],
                "thresholds": [
                    0.53,
                    0.5933,
                    0.6567,
                    0.72
                ],
                "totals": [
                    5852,
                    1583,
                    284,
                    42
                ]
            }
        }
    }
}