{
    "target": "xauusd",
    "status": "RUNNING_OR_DONE",
    "epochs_trained": 352,
    "best_winrate": 75.4861855779287,
    "best_val_loss": 0.17219389975070953,
    "best_max_thresh": 0.53,
    "thresholds": [
        0.5,
        0.51,
        0.52,
        0.53
    ],
    "win_rates": [
        52.65127885215222,
        56.057007125890735,
        64.22018348623854,
        87.87878787878788
    ],
    "totals": [
        1603,
        421,
        109,
        33
    ],
    "top_configs_saved": [
        {
            "strategy": "L3_1.4_L4_1.0",
            "score": 74.07793531646743,
            "epoch": 352,
            "max_thresh": 0.53,
            "thresholds": [
                0.5,
                0.51,
                0.52,
                0.53
            ],
            "win_rates": [
                52.65127885215222,
                56.057007125890735,
                64.22018348623854,
                87.87878787878788
            ],
            "totals": [
                1603,
                421,
                109,
                33
            ]
        },
        {
            "strategy": "L3_1.1_L4_1.0",
            "score": 75.4861855779287,
            "epoch": 352,
            "max_thresh": 0.53,
            "thresholds": [
                0.5,
                0.51,
                0.52,
                0.53
            ],
            "win_rates": [
                52.65127885215222,
                56.057007125890735,
                64.22018348623854,
                87.87878787878788
            ],
            "totals": [
                1603,
                421,
                109,
                33
            ]
        },
        {
            "strategy": "BEST_VLOSS",
            "score": -17.219389975070953,
            "epoch": 0,
            "max_thresh": 0.54,
            "thresholds": [
                0.5,
                0.5133,
                0.5267,
                0.54
            ],
            "win_rates": [
                54.5227698066126,
                56.660583941605836,
                56.75675675675676,
                68.29268292682927
            ],
            "totals": [
                1603,
                1096,
                222,
                41
            ]
        }
    ]
}