{
    "target": "xauusd",
    "status": "RUNNING_OR_DONE",
    "epochs_trained": 0,
    "best_winrate": 44.76539589442815,
    "best_val_loss": 0.18026992678642273,
    "best_max_thresh": 0.59,
    "thresholds": [
        0.5,
        0.53,
        0.56,
        0.59
    ],
    "win_rates": [
        48.07692307692308,
        45.98765432098765,
        49.09090909090909,
        38.70967741935484
    ],
    "totals": [
        676,
        324,
        110,
        31
    ],
    "top_configs_saved": [
        {
            "strategy": "L3_1.4_L4_1.0",
            "score": 44.76539589442815,
            "epoch": 0,
            "max_thresh": 0.59,
            "thresholds": [
                0.5,
                0.53,
                0.56,
                0.59
            ],
            "win_rates": [
                48.07692307692308,
                45.98765432098765,
                49.09090909090909,
                38.70967741935484
            ],
            "totals": [
                676,
                324,
                110,
                31
            ]
        },
        {
            "strategy": "L3_1.1_L4_1.0",
            "score": 44.14746543778802,
            "epoch": 0,
            "max_thresh": 0.59,
            "thresholds": [
                0.5,
                0.53,
                0.56,
                0.59
            ],
            "win_rates": [
                48.07692307692308,
                45.98765432098765,
                49.09090909090909,
                38.70967741935484
            ],
            "totals": [
                676,
                324,
                110,
                31
            ]
        },
        {
            "strategy": "BEST_VLOSS",
            "score": -18.026992678642273,
            "epoch": 0,
            "max_thresh": 0.59,
            "thresholds": [
                0.5,
                0.53,
                0.56,
                0.59
            ],
            "win_rates": [
                48.07692307692308,
                45.98765432098765,
                49.09090909090909,
                38.70967741935484
            ],
            "totals": [
                676,
                324,
                110,
                31
            ]
        }
    ]
}