{
    "target": "xauusd",
    "status": "RUNNING_OR_DONE",
    "epochs_trained": 103,
    "best_winrate": 64.16666666666667,
    "best_val_loss": 0.1738725036382675,
    "best_max_thresh": 0.77,
    "thresholds": [
        0.5,
        0.59,
        0.68,
        0.77
    ],
    "win_rates": [
        51.19047619047619,
        55.283018867924525,
        60.0,
        68.75
    ],
    "totals": [
        1176,
        530,
        195,
        32
    ],
    "top_configs_saved": [
        {
            "strategy": "L3_1.4_L4_1.0",
            "score": 63.645833333333336,
            "epoch": 103,
            "max_thresh": 0.77,
            "thresholds": [
                0.5,
                0.59,
                0.68,
                0.77
            ],
            "win_rates": [
                51.19047619047619,
                55.283018867924525,
                60.0,
                68.75
            ],
            "totals": [
                1176,
                530,
                195,
                32
            ]
        },
        {
            "strategy": "L3_1.1_L4_1.0",
            "score": 64.16666666666667,
            "epoch": 103,
            "max_thresh": 0.77,
            "thresholds": [
                0.5,
                0.59,
                0.68,
                0.77
            ],
            "win_rates": [
                51.19047619047619,
                55.283018867924525,
                60.0,
                68.75
            ],
            "totals": [
                1176,
                530,
                195,
                32
            ]
        },
        {
            "strategy": "BEST_VLOSS",
            "score": -17.38725036382675,
            "epoch": 1,
            "max_thresh": 0.51,
            "thresholds": [
                0.5,
                0.5033,
                0.5067,
                0.51
            ],
            "win_rates": [
                49.14965986394558,
                47.0976253298153,
                49.52153110047847,
                48.98989898989899
            ],
            "totals": [
                1176,
                758,
                418,
                198
            ]
        }
    ]
}