{
    "target": "xauusd",
    "version": "Independent_Multi_Session_v2.0",
    "dimensions": {
        "num_features_xau": 15,
        "num_features_macro": 41
    },
    "sessions": {
        "asia": {
            "EV_L3_1.4_L4_1.0": {
                "epoch": 19,
                "max_threshold": 0.53,
                "composite_score": 0.001637302178910818,
                "session_evs": {},
                "best_ev": 0.0016607939420888824,
                "val_loss": 0.17331277496284908,
                "threshold_metrics": [
                    {
                        "threshold": 0.5,
                        "total_signals": 4104,
                        "win_rate": 52.55847953216374,
                        "avg_win_return": 0.001461325096897781,
                        "avg_loss_return": 0.0014105390291661024,
                        "ev_score": 9.886908972273675e-05,
                        "sharpe_score": 3.1264888638824875
                    },
                    {
                        "threshold": 0.51,
                        "total_signals": 331,
                        "win_rate": 55.58912386706949,
                        "avg_win_return": 0.003370756981894374,
                        "avg_loss_return": 0.0027014617808163166,
                        "ev_score": 0.0006740314286663635,
                        "sharpe_score": 3.0588933327823167
                    },
                    {
                        "threshold": 0.52,
                        "total_signals": 119,
                        "win_rate": 63.86554621848739,
                        "avg_win_return": 0.004229260142892599,
                        "avg_loss_return": 0.002990270033478737,
                        "ev_score": 0.001620522348069343,
                        "sharpe_score": 3.8346893630451704
                    },
                    {
                        "threshold": 0.53,
                        "total_signals": 51,
                        "win_rate": 68.62745098039215,
                        "avg_win_return": 0.0038794700521975756,
                        "avg_loss_return": 0.0031925600487738848,
                        "ev_score": 0.0016607939420888824,
                        "sharpe_score": 2.690245976782301
                    }
                ]
            },
            "EV_L3_1.1_L4_1.0": {
                "epoch": 19,
                "max_threshold": 0.53,
                "composite_score": 0.001639699297602457,
                "session_evs": {},
                "best_ev": 0.0016607939420888824,
                "val_loss": 0.17331277496284908,
                "threshold_metrics": [
                    {
                        "threshold": 0.5,
                        "total_signals": 4104,
                        "win_rate": 52.55847953216374,
                        "avg_win_return": 0.001461325096897781,
                        "avg_loss_return": 0.0014105390291661024,
                        "ev_score": 9.886908972273675e-05,
                        "sharpe_score": 3.1264888638824875
                    },
                    {
                        "threshold": 0.51,
                        "total_signals": 331,
                        "win_rate": 55.58912386706949,
                        "avg_win_return": 0.003370756981894374,
                        "avg_loss_return": 0.0027014617808163166,
                        "ev_score": 0.0006740314286663635,
                        "sharpe_score": 3.0588933327823167
                    },
                    {
                        "threshold": 0.52,
                        "total_signals": 119,
                        "win_rate": 63.86554621848739,
                        "avg_win_return": 0.004229260142892599,
                        "avg_loss_return": 0.002990270033478737,
                        "ev_score": 0.001620522348069343,
                        "sharpe_score": 3.8346893630451704
                    },
                    {
                        "threshold": 0.53,
                        "total_signals": 51,
                        "win_rate": 68.62745098039215,
                        "avg_win_return": 0.0038794700521975756,
                        "avg_loss_return": 0.0031925600487738848,
                        "ev_score": 0.0016607939420888824,
                        "sharpe_score": 2.690245976782301
                    }
                ]
            },
            "BEST_VLOSS": {
                "epoch": 7,
                "max_threshold": 0.5,
                "composite_score": -0.17329751782947117,
                "session_evs": {},
                "best_ev": 6.351820247694432e-05,
                "val_loss": 0.17329751782947117,
                "threshold_metrics": [
                    {
                        "threshold": 0.5,
                        "total_signals": 4104,
                        "win_rate": 50.51169590643275,
                        "avg_win_return": 0.0014855465851724148,
                        "avg_loss_return": 0.0013879169709980488,
                        "ev_score": 6.351820247694432e-05,
                        "sharpe_score": 2.008605047896282
                    },
                    {
                        "threshold": 0.5,
                        "total_signals": 4104,
                        "win_rate": 50.51169590643275,
                        "avg_win_return": 0.0014855465851724148,
                        "avg_loss_return": 0.0013879169709980488,
                        "ev_score": 6.351820247694432e-05,
                        "sharpe_score": 2.008605047896282
                    },
                    {
                        "threshold": 0.5,
                        "total_signals": 4104,
                        "win_rate": 50.51169590643275,
                        "avg_win_return": 0.0014855465851724148,
                        "avg_loss_return": 0.0013879169709980488,
                        "ev_score": 6.351820247694432e-05,
                        "sharpe_score": 2.008605047896282
                    },
                    {
                        "threshold": 0.5,
                        "total_signals": 4104,
                        "win_rate": 50.51169590643275,
                        "avg_win_return": 0.0014855465851724148,
                        "avg_loss_return": 0.0013879169709980488,
                        "ev_score": 6.351820247694432e-05,
                        "sharpe_score": 2.008605047896282
                    }
                ]
            }
        },
        "london": {
            "EV_L3_1.4_L4_1.0": {
                "epoch": 14,
                "max_threshold": 0.64,
                "composite_score": 0.0015411772551758179,
                "session_evs": {},
                "best_ev": 0.0020606158181063587,
                "val_loss": 0.1743234097957611,
                "threshold_metrics": [
                    {
                        "threshold": 0.5,
                        "total_signals": 2528,
                        "win_rate": 51.14715189873418,
                        "avg_win_return": 0.0014699985040351748,
                        "avg_loss_return": 0.0013510185526683927,
                        "ev_score": 9.185132641298106e-05,
                        "sharpe_score": 2.006525818614655
                    },
                    {
                        "threshold": 0.5467,
                        "total_signals": 175,
                        "win_rate": 60.57142857142858,
                        "avg_win_return": 0.003273634472861886,
                        "avg_loss_return": 0.0034560987260192633,
                        "ev_score": 0.0006201968115887473,
                        "sharpe_score": 2.011044854418686
                    },
                    {
                        "threshold": 0.5933,
                        "total_signals": 95,
                        "win_rate": 63.1578947368421,
                        "avg_win_return": 0.0034447789657860994,