{
    "target": "usoilusd",
    "status": "RUNNING_OR_DONE",
    "epochs_trained": 3,
    "best_winrate": 68.75,
    "best_val_loss": 0.6936266819636027,
    "best_max_thresh": 0.62,
    "thresholds": [
        0.5,
        0.54,
        0.58,
        0.62
    ],
    "win_rates": [
        48.23121387283237,
        49.37106918238994,
        55.04587155963303,
        68.75
    ],
    "totals": [
        4325,
        636,
        109,
        32
    ]
}