{
    "target": "xauusd",
    "version": "Transformer_V3",
    "dimensions": {
        "num_features_target": 0,
        "num_features_macro": 38
    },
    "sessions": {
        "ny": {
            "BEST_VLOSS": {
                "epoch": 1,
                "max_threshold": 0.55,
                "composite_score": 0.49271338256171415,
                "val_loss": 1.0783173635601997,
                "threshold_metrics": [
                    {
                        "threshold": 0.53,
                        "total_signals": 141,
                        "win_rate": 0.524822695035461,
                        "avg_win_return": 0.001,
                        "avg_loss_return": 0.001,
                        "ev_score": 0.44915058551872006,
                        "sharpe_score": 0.0,
                        "total_buy": 70,
                        "total_sell": 71
                    },
                    {
                        "threshold": 0.5367,
                        "total_signals": 92,
                        "win_rate": 0.5652173913043478,
                        "avg_win_return": 0.001,
                        "avg_loss_return": 0.001,
                        "ev_score": 0.484472049689441,
                        "sharpe_score": 0.0,
                        "total_buy": 46,
                        "total_sell": 46
                    },
                    {
                        "threshold": 0.5433,
                        "total_signals": 69,
                        "win_rate": 0.5942028985507246,
                        "avg_win_return": 0.001,
                        "avg_loss_return": 0.001,
                        "ev_score": 0.5002359285473542,
                        "sharpe_score": 0.0,
                        "total_buy": 34,
                        "total_sell": 35
                    },
                    {
                        "threshold": 0.55,
                        "total_signals": 40,
                        "win_rate": 0.65,
                        "avg_win_return": 0.001,
                        "avg_loss_return": 0.001,
                        "ev_score": 0.48218181818181827,
                        "sharpe_score": 0.0,
                        "total_buy": 20,
                        "total_sell": 20
                    }
                ],
                "win_rates": [
                    0.524822695035461,
                    0.5652173913043478,
                    0.5942028985507246,
                    0.65
                ],
                "thresholds": [
                    0.53,
                    0.5367,
                    0.5433,
                    0.55
                ],
                "totals": [
                    141,
                    92,
                    69,
                    40
                ]
            }
        }
    }
}