{
    "target": "xauusd",
    "status": "RUNNING_OR_DONE",
    "epochs_trained": 2,
    "best_winrate": 63.11866428145498,
    "best_val_loss": 0.6932000517845154,
    "best_max_thresh": 0.56,
    "thresholds": [
        0.5,
        0.52,
        0.54,
        0.56
    ],
    "win_rates": [
        47.0917225950783,
        48.94736842105264,
        55.81395348837209,
        71.15384615384616
    ],
    "totals": [
        894,
        570,
        258,
        52
    ],
    "top_configs_saved": [
        {
            "strategy": "L3_1.4_L4_1.0",
            "score": 62.20557543231963,
            "epoch": 2,
            "max_thresh": 0.56,
            "thresholds": [
                0.5,
                0.52,
                0.54,
                0.56
            ],
            "win_rates": [
                47.0917225950783,
                48.94736842105264,
                55.81395348837209,
                71.15384615384616
            ],
            "totals": [
                894,
                570,
                258,
                52
            ]
        },
        {
            "strategy": "L3_1.1_L4_1.0",
            "score": 63.11866428145498,
            "epoch": 2,
            "max_thresh": 0.56,
            "thresholds": [
                0.5,
                0.52,
                0.54,
                0.56
            ],
            "win_rates": [
                47.0917225950783,
                48.94736842105264,
                55.81395348837209,
                71.15384615384616
            ],
            "totals": [
                894,
                570,
                258,
                52
            ]
        },
        {
            "strategy": "BEST_VLOSS",
            "score": -69.32000517845154,
            "epoch": 1,
            "max_thresh": 0.54,
            "thresholds": [
                0.5,
                0.5133,
                0.5267,
                0.54
            ],
            "win_rates": [
                48.43400447427293,
                50.46382189239333,
                53.73134328358209,
                63.793103448275865
            ],
            "totals": [
                894,
                539,
                201,
                58
            ]
        }
    ]
}