{
    "target": "xauusd",
    "version": "Independent_Multi_Session_v2.0",
    "dimensions": {
        "num_features_target": 18,
        "num_features_macro": 38
    },
    "sessions": {
        "asia": {
            "EV_L3_1.4_L4_1.0": {
                "epoch": 3,
                "max_threshold": 0.53,
                "composite_score": 0.0008388986314530484,
                "session_evs": {},
                "best_ev": 0.0010258186666760594,
                "val_loss": 0.17348390072584152,
                "threshold_metrics": [
                    {
                        "threshold": 0.5,
                        "total_signals": 1580,
                        "win_rate": 48.29113924050633,
                        "avg_win_return": 0.001179416198283434,
                        "avg_loss_return": 0.0013365877093747258,
                        "ev_score": -0.0001215807590309436,
                        "sharpe_score": -2.8252299954728084
                    },
                    {
                        "threshold": 0.51,
                        "total_signals": 292,
                        "win_rate": 60.61643835616438,
                        "avg_win_return": 0.0017369090346619487,
                        "avg_loss_return": 0.0016560705844312906,
                        "ev_score": 0.00040063281481358384,
                        "sharpe_score": 3.102572338704618
                    },
                    {
                        "threshold": 0.52,
                        "total_signals": 125,
                        "win_rate": 59.199999999999996,
                        "avg_win_return": 0.0023605613969266415,
                        "avg_loss_return": 0.0016962451627478004,
                        "ev_score": 0.0007053843205794691,
                        "sharpe_score": 3.067368369716669
                    },
                    {
                        "threshold": 0.53,
                        "total_signals": 56,
                        "win_rate": 62.5,
                        "avg_win_return": 0.0028593929018825293,
                        "avg_loss_return": 0.0020301383920013905,
                        "ev_score": 0.0010258186666760594,
                        "sharpe_score": 2.482787783827903
                    }
                ]
            },
            "EV_L3_1.1_L4_1.0": {
                "epoch": 3,
                "max_threshold": 0.53,
                "composite_score": 0.0008579721044349882,
                "session_evs": {},
                "best_ev": 0.0010258186666760594,
                "val_loss": 0.17348390072584152,
                "threshold_metrics": [
                    {
                        "threshold": 0.5,
                        "total_signals": 1580,
                        "win_rate": 48.29113924050633,
                        "avg_win_return": 0.001179416198283434,
                        "avg_loss_return": 0.0013365877093747258,
                        "ev_score": -0.0001215807590309436,
                        "sharpe_score": -2.8252299954728084
                    },
                    {
                        "threshold": 0.51,
                        "total_signals": 292,
                        "win_rate": 60.61643835616438,
                        "avg_win_return": 0.0017369090346619487,
                        "avg_loss_return": 0.0016560705844312906,
                        "ev_score": 0.00040063281481358384,
                        "sharpe_score": 3.102572338704618
                    },
                    {
                        "threshold": 0.52,
                        "total_signals": 125,
                        "win_rate": 59.199999999999996,
                        "avg_win_return": 0.0023605613969266415,
                        "avg_loss_return": 0.0016962451627478004,
                        "ev_score": 0.0007053843205794691,
                        "sharpe_score": 3.067368369716669
                    },
                    {
                        "threshold": 0.53,
                        "total_signals": 56,
                        "win_rate": 62.5,
                        "avg_win_return": 0.0028593929018825293,
                        "avg_loss_return": 0.0020301383920013905,
                        "ev_score": 0.0010258186666760594,
                        "sharpe_score": 2.482787783827903
                    }
                ]
            },
            "BEST_VLOSS": {
                "epoch": 74,
                "max_threshold": 0.5,
                "composite_score": -0.17336178322633108,
                "session_evs": {},
                "best_ev": -3.899384696696756e-05,
                "val_loss": 0.17336178322633108,
                "threshold_metrics": [
                    {
                        "threshold": 0.5,
                        "total_signals": 1580,
                        "win_rate": 47.46835443037975,
                        "avg_win_return": 0.0012868508929386735,
                        "avg_loss_return": 0.001237046322785318,
                        "ev_score": -3.899384696696756e-05,
                        "sharpe_score": -0.9061185911984195
                    },
                    {
                        "threshold": 0.5,
                        "total_signals": 1580,
                        "win_rate": 47.46835443037975,
                        "avg_win_return": 0.0012868508929386735,
                        "avg_loss_return": 0.001237046322785318,
                        "ev_score": -3.899384696696756e-05,
                        "sharpe_score": -0.9061185911984195
                    },
                    {
                        "threshold": 0.5,
                        "total_signals": 1580,
                        "win_rate": 47.46835443037975,
                        "avg_win_return": 0.0012868508929386735,
                        "avg_loss_return": 0.001237046322785318,
                        "ev_score": -3.899384696696756e-05,
                        "sharpe_score": -0.9061185911984195
                    },
                    {
                        "threshold": 0.5,
                        "total_signals": 1580,
                        "win_rate": 47.46835443037975,
                        "avg_win_return": 0.0012868508929386735,
                        "avg_loss_return": 0.001237046322785318,
                        "ev_score": -3.899384696696756e-05,
                        "sharpe_score": -0.9061185911984195
                    }
                ]
            }
        },
        "london": {
            "EV_L3_1.4_L4_1.0": {
                "epoch": 2,
                "max_threshold": 0.52,
                "composite_score": 0.000500320246006777,
                "session_evs": {},
                "best_ev": 0.000598254404769885,
                "val_loss": 0.1734642790896552,
                "threshold_metrics": [
                    {
                        "threshold": 0.5,
                        "total_signals": 991,
                        "win_rate": 51.26135216952573,
                        "avg_win_return": 0.0010046171955764294,
                        "avg_loss_return": 0.0010008998215198517,
                        "ev_score": 2.715531943364057e-05,
                        "sharpe_score": 0.6887362774223006
                    },
                    {
                        "threshold": 0.5067,
                        "total_signals": 347,
                        "win_rate": 57.34870317002881,
                        "avg_win_return": 0.0010695129167288542,
                        "avg_loss_return": 0.0010241045383736491,
                        "ev_score": 0.0001765579214689968,
                        "sharpe_score": 2.5943429057344276
                    },
                    {
                        "threshold": 0.5133,
                        "total_signals": 154,
                        "win_rate": 66.88311688311688,
                        "avg_win_return": 0.0011349399574100971,