{
    "target": "ltcusdt",
    "version": "Transformer_V3",
    "dimensions": {
        "num_features_target": 0,
        "num_features_macro": 38
    },
    "sessions": {
        "asian": {
            "BEST_VLOSS": {
                "epoch": 1,
                "max_threshold": 0.64,
                "composite_score": 0.21720588235294117,
                "val_loss": 1.30783539551955,
                "threshold_metrics": [
                    {
                        "threshold": 0.53,
                        "total_signals": 728,
                        "win_rate": 0.49313186813186816,
                        "avg_win_return": 0.001,
                        "avg_loss_return": 0.001,
                        "ev_score": 0.24452912566781457,
                        "sharpe_score": 0.0,
                        "total_buy": 364,
                        "total_sell": 364
                    },
                    {
                        "threshold": 0.5667,
                        "total_signals": 320,
                        "win_rate": 0.440625,
                        "avg_win_return": 0.001,
                        "avg_loss_return": 0.001,
                        "ev_score": 0.26437499999999997,
                        "sharpe_score": 0.0,
                        "total_buy": 160,
                        "total_sell": 160
                    },
                    {
                        "threshold": 0.6033,
                        "total_signals": 136,
                        "win_rate": 0.47058823529411764,
                        "avg_win_return": 0.001,
                        "avg_loss_return": 0.001,
                        "ev_score": 0.2823529411764706,
                        "sharpe_score": 0.0,
                        "total_buy": 68,
                        "total_sell": 68
                    },
                    {
                        "threshold": 0.64,
                        "total_signals": 45,
                        "win_rate": 0.4666666666666667,
                        "avg_win_return": 0.001,
                        "avg_loss_return": 0.001,
                        "ev_score": 0.126,
                        "sharpe_score": 0.0,
                        "total_buy": 22,
                        "total_sell": 23
                    }
                ],
                "win_rates": [
                    0.49313186813186816,
                    0.440625,
                    0.47058823529411764,
                    0.4666666666666667
                ],
                "thresholds": [
                    0.53,
                    0.5667,
                    0.6033,
                    0.64
                ],
                "totals": [
                    728,
                    320,
                    136,
                    45
                ]
            }
        }
    }
}