{
    "target": "xauusd",
    "status": "RUNNING_OR_DONE",
    "epochs_trained": 173,
    "best_winrate": 69.35787828644972,
    "best_val_loss": 0.17084762454032898,
    "best_max_thresh": 0.55,
    "thresholds": [
        0.5,
        0.5167,
        0.5333,
        0.55
    ],
    "win_rates": [
        50.0,
        51.19047619047619,
        66.07142857142857,
        72.97297297297297
    ],
    "totals": [
        112,
        84,
        56,
        37
    ],
    "top_configs_saved": [
        {
            "strategy": "L3_1.4_L4_1.0",
            "score": 68.94707207207207,
            "epoch": 173,
            "max_thresh": 0.55,
            "thresholds": [
                0.5,
                0.5167,
                0.5333,
                0.55
            ],
            "win_rates": [
                50.0,
                51.19047619047619,
                66.07142857142857,
                72.97297297297297
            ],
            "totals": [
                112,
                84,
                56,
                37
            ]
        },
        {
            "strategy": "L3_1.1_L4_1.0",
            "score": 69.35787828644972,
            "epoch": 173,
            "max_thresh": 0.55,
            "thresholds": [
                0.5,
                0.5167,
                0.5333,
                0.55
            ],
            "win_rates": [
                50.0,
                51.19047619047619,
                66.07142857142857,
                72.97297297297297
            ],
            "totals": [
                112,
                84,
                56,
                37
            ]
        },
        {
            "strategy": "BEST_VLOSS",
            "score": -17.084762454032898,
            "epoch": 173,
            "max_thresh": 0.55,
            "thresholds": [
                0.5,
                0.5167,
                0.5333,
                0.55
            ],
            "win_rates": [
                50.0,
                51.19047619047619,
                66.07142857142857,
                72.97297297297297
            ],
            "totals": [
                112,
                84,
                56,
                37
            ]
        }
    ]
}