{
    "target": "ltcusdt",
    "version": "Transformer_V3",
    "dimensions": {
        "num_features_target": 0,
        "num_features_macro": 38
    },
    "sessions": {
        "asian": {
            "BEST_VLOSS": {
                "epoch": 1,
                "max_threshold": 0.59,
                "composite_score": 0.15014753086419755,
                "val_loss": 1.294312101144057,
                "threshold_metrics": [
                    {
                        "threshold": 0.53,
                        "total_signals": 154,
                        "win_rate": 0.44805194805194803,
                        "avg_win_return": 0.001,
                        "avg_loss_return": 0.001,
                        "ev_score": 0.3338581772210091,
                        "sharpe_score": 0.0,
                        "total_buy": 77,
                        "total_sell": 77
                    },
                    {
                        "threshold": 0.55,
                        "total_signals": 87,
                        "win_rate": 0.3793103448275862,
                        "avg_win_return": 0.001,
                        "avg_loss_return": 0.001,
                        "ev_score": 0.24543749999999998,
                        "sharpe_score": 0.0,
                        "total_buy": 43,
                        "total_sell": 44
                    },
                    {
                        "threshold": 0.57,
                        "total_signals": 54,
                        "win_rate": 0.42592592592592593,
                        "avg_win_return": 0.001,
                        "avg_loss_return": 0.001,
                        "ev_score": 0.17020000000000002,
                        "sharpe_score": 0.0,
                        "total_buy": 27,
                        "total_sell": 27
                    },
                    {
                        "threshold": 0.59,
                        "total_signals": 38,
                        "win_rate": 0.42105263157894735,
                        "avg_win_return": 0.001,
                        "avg_loss_return": 0.001,
                        "ev_score": 0.12207407407407407,
                        "sharpe_score": 0.0,
                        "total_buy": 19,
                        "total_sell": 19
                    }
                ],
                "win_rates": [
                    0.44805194805194803,
                    0.3793103448275862,
                    0.42592592592592593,
                    0.42105263157894735
                ],
                "thresholds": [
                    0.53,
                    0.55,
                    0.57,
                    0.59
                ],
                "totals": [
                    154,
                    87,
                    54,
                    38
                ]
            }
        }
    }
}