{
    "target": "xauusd",
    "status": "RUNNING_OR_DONE",
    "epochs_trained": 1,
    "best_winrate": 55.05893951369589,
    "best_val_loss": 0.17596591264009476,
    "best_max_thresh": 0.55,
    "thresholds": [
        0.5,
        0.5167,
        0.5333,
        0.55
    ],
    "win_rates": [
        50.977653631284916,
        51.382823871906844,
        53.36426914153132,
        56.92307692307692
    ],
    "totals": [
        716,
        687,
        431,
        65
    ],
    "top_configs_saved": [
        {
            "strategy": "L3_1.4_L4_1.0",
            "score": 54.84710571717532,
            "epoch": 1,
            "max_thresh": 0.55,
            "thresholds": [
                0.5,
                0.5167,
                0.5333,
                0.55
            ],
            "win_rates": [
                50.977653631284916,
                51.382823871906844,
                53.36426914153132,
                56.92307692307692
            ],
            "totals": [
                716,
                687,
                431,
                65
            ]
        },
        {
            "strategy": "L3_1.1_L4_1.0",
            "score": 55.05893951369589,
            "epoch": 1,
            "max_thresh": 0.55,
            "thresholds": [
                0.5,
                0.5167,
                0.5333,
                0.55
            ],
            "win_rates": [
                50.977653631284916,
                51.382823871906844,
                53.36426914153132,
                56.92307692307692
            ],
            "totals": [
                716,
                687,
                431,
                65
            ]
        },
        {
            "strategy": "BEST_VLOSS",
            "score": -17.596591264009476,
            "epoch": 1,
            "max_thresh": 0.55,
            "thresholds": [
                0.5,
                0.5167,
                0.5333,
                0.55
            ],
            "win_rates": [
                50.977653631284916,
                51.382823871906844,
                53.36426914153132,
                56.92307692307692
            ],
            "totals": [
                716,
                687,
                431,
                65
            ]
        }
    ]
}