{
    "target": "ltcusdt",
    "version": "Transformer_V3",
    "dimensions": {
        "num_features_target": 0,
        "num_features_macro": 38
    },
    "sessions": {
        "ny": {
            "BEST_VLOSS": {
                "epoch": 37,
                "max_threshold": 0.86,
                "composite_score": 0.4300472445624183,
                "val_loss": 0.9326671418689546,
                "threshold_metrics": [
                    {
                        "threshold": 0.53,
                        "total_signals": 7467,
                        "win_rate": 0.5082362394535959,
                        "avg_win_return": 0.001,
                        "avg_loss_return": 0.001,
                        "ev_score": 0.04027529806562071,
                        "sharpe_score": 0.0,
                        "total_buy": 3733,
                        "total_sell": 3734
                    },
                    {
                        "threshold": 0.64,
                        "total_signals": 2892,
                        "win_rate": 0.5235131396957123,
                        "avg_win_return": 0.001,
                        "avg_loss_return": 0.001,
                        "ev_score": 0.10678899157287447,
                        "sharpe_score": 0.0,
                        "total_buy": 1446,
                        "total_sell": 1446
                    },
                    {
                        "threshold": 0.75,
                        "total_signals": 587,
                        "win_rate": 0.596252129471891,
                        "avg_win_return": 0.001,
                        "avg_loss_return": 0.001,
                        "ev_score": 0.5843667049641457,
                        "sharpe_score": 0.0,
                        "total_buy": 293,
                        "total_sell": 294
                    },
                    {
                        "threshold": 0.86,
                        "total_signals": 41,
                        "win_rate": 0.6097560975609756,
                        "avg_win_return": 0.001,
                        "avg_loss_return": 0.001,
                        "ev_score": 0.214,
                        "sharpe_score": 0.0,
                        "total_buy": 20,
                        "total_sell": 21
                    }
                ],
                "win_rates": [
                    0.5082362394535959,
                    0.5235131396957123,
                    0.596252129471891,
                    0.6097560975609756
                ],
                "thresholds": [
                    0.53,
                    0.64,
                    0.75,
                    0.86
                ],
                "totals": [
                    7467,
                    2892,
                    587,
                    41
                ]
            }
        }
    }
}