{
    "target": "xauusd",
    "status": "RUNNING_OR_DONE",
    "epochs_trained": 38,
    "best_winrate": 61.82985706795231,
    "best_val_loss": 0.9040095210075378,
    "best_max_thresh": 0.95,
    "thresholds": [
        0.5,
        0.65,
        0.8,
        0.95
    ],
    "win_rates": [
        50.955414012738856,
        51.55038759689923,
        56.613756613756614,
        67.56756756756756
    ],
    "totals": [
        314,
        258,
        189,
        37
    ],
    "top_configs_saved": [
        {
            "strategy": "L3_1.4_L4_1.0",
            "score": 61.177844511177845,
            "max_thresh": 0.95,
            "thresholds": [
                0.5,
                0.65,
                0.8,
                0.95
            ],
            "win_rates": [
                50.955414012738856,
                51.55038759689923,
                56.613756613756614,
                67.56756756756756
            ],
            "totals": [
                314,
                258,
                189,
                37
            ]
        },
        {
            "strategy": "L3_1.1_L4_1.0",
            "score": 61.82985706795231,
            "max_thresh": 0.95,
            "thresholds": [
                0.5,
                0.65,
                0.8,
                0.95
            ],
            "win_rates": [
                50.955414012738856,
                51.55038759689923,
                56.613756613756614,
                67.56756756756756
            ],
            "totals": [
                314,
                258,
                189,
                37
            ]
        },
        {
            "strategy": "BEST_VLOSS",
            "score": -90.40095210075378,
            "max_thresh": 0.93,
            "thresholds": [
                0.5,
                0.6433,
                0.7867,
                0.93
            ],
            "win_rates": [
                52.22929936305732,
                52.30125523012552,
                57.407407407407405,
                58.82352941176471
            ],
            "totals": [
                314,
                239,
                162,
                34
            ]
        }
    ],
    "training_metadata": {
        "training_strategy": "Sử dụng mô hình Transformer v5.0 (Deep Phoenix), tự động tái nạp trọng số ngẫu nhiên từ Top 4 cấu hình tốt nhất nếu kẹt (Stagnation) sau 10 epoch. Dữ liệu Rolling Window: Train 90 ngày, Test thực chiến 4 ngày.",
        "selection_strategy": "Sử dụng weighted score đánh giá tổng hợp thay vì chỉ Accuracy. Tập trung bắt chính xác tín hiệu tại mốc L3 (trọng số 1.4) và L4 (trọng số 1.0) trên tổng 2.4. Top 4 mô hình được lưu độc lập.",
        "hyperparameters": {
            "window_size": 60,
            "d_model": 256,
            "nhead": 8,
            "num_attn_layers": 3,
            "dropout_rate": 0.2,
            "initial_learning_rate": 0.0001
        },
        "data_features": [
            "XAUUSD_RSI",
            "XAUUSD_EMA9_dist",
            "XAUUSD_EMA21_dist",
            "XAUUSD_Body",
            "XAUUSD_Upper_Shadow",
            "XAUUSD_Lower_Shadow",
            "XAUUSD_ret_5m",
            "XAUUSD_ret_10m",
            "XAUUSD_ret_30m",
            "XAUUSD_ATR_ratio",
            "XAUUSD_time_log_ret",
            "XAUUSD_open_log_ret",
            "XAUUSD_high_log_ret",
            "XAUUSD_low_log_ret",
            "XAUUSD_close_log_ret",
            "XAUUSD_volume",
            "XAUUSD_spread",
            "XAUUSD_real_volume",
            "AUDUSD_time_log_ret",
            "AUDUSD_open_log_ret",
            "AUDUSD_high_log_ret",
            "AUDUSD_low_log_ret",
            "AUDUSD_close_log_ret",
            "AUDUSD_volume",
            "AUDUSD_spread",
            "AUDUSD_real_volume",
            "EURUSD_time_log_ret",
            "EURUSD_open_log_ret",
            "EURUSD_high_log_ret",
            "EURUSD_low_log_ret",
            "EURUSD_close_log_ret",
            "EURUSD_volume",
            "EURUSD_spread",
            "EURUSD_real_volume",
            "GBPUSD_time_log_ret",
            "GBPUSD_open_log_ret",
            "GBPUSD_high_log_ret",
            "GBPUSD_low_log_ret",
            "GBPUSD_close_log_ret",
            "GBPUSD_volume",
            "GBPUSD_spread",
            "GBPUSD_real_volume",
            "GOLD_1H_2025_2026.PARQUET_Close_log_ret",
            "GOLD_1H_2025_2026.PARQUET_High_log_ret",
            "GOLD_1H_2025_2026.PARQUET_Low_log_ret",
            "GOLD_1H_2025_2026.PARQUET_Open_log_ret",
            "GOLD_1H_2025_2026.PARQUET_Volume",
            "NASDAQ_100_1H_2025_2026.PARQUET_Close_log_ret",
            "NASDAQ_100_1H_2025_2026.PARQUET_High_log_ret",
            "NASDAQ_100_1H_2025_2026.PARQUET_Low_log_ret",
            "NASDAQ_100_1H_2025_2026.PARQUET_Open_log_ret",
            "NASDAQ_100_1H_2025_2026.PARQUET_Volume",
            "USDCAD_time_log_ret",
            "USDCAD_open_log_ret",
            "USDCAD_high_log_ret",
            "USDCAD_low_log_ret",
            "USDCAD_close_log_ret",
            "USDCAD_volume",
            "USDCAD_spread",
            "USDCAD_real_volume",
            "US_10Y_YIELD_1H_2025_2026.PARQUET_Close_log_ret",
            "US_10Y_YIELD_1H_2025_2026.PARQUET_High_log_ret",
            "US_10Y_YIELD_1H_2025_2026.PARQUET_Low_log_ret",
            "US_10Y_YIELD_1H_2025_2026.PARQUET_Open_log_ret",
            "US_10Y_YIELD_1H_2025_2026.PARQUET_Volume",
            "VIXY_time_log_ret",
            "VIXY_open_log_ret",
            "VIXY_high_log_ret",
            "VIXY_low_log_ret",
            "VIXY_close_log_ret",
            "VIXY_volume",
            "VIXY_spread",
            "VIXY_real_volume",
            "XAGUSD_time_log_ret",
            "XAGUSD_open_log_ret",
            "XAGUSD_high_log_ret",
            "XAGUSD_low_log_ret",
            "XAGUSD_close_log_ret",
            "XAGUSD_volume",
            "XAGUSD_spread",
            "XAGUSD_real_volume",
            "hour_sin",
            "hour_cos",
            "dow_sin",
            "dow_cos",
            "is_imputed_flag"
        ]
    }
}