{
    "target": "xauusd",
    "status": "RUNNING_OR_DONE",
    "epochs_trained": 143,
    "best_winrate": 69.42729617714402,
    "best_val_loss": 0.17290514281817845,
    "best_max_thresh": 0.64,
    "thresholds": [
        0.5,
        0.5467,
        0.5933,
        0.64
    ],
    "win_rates": [
        49.282725642558276,
        52.03488372093024,
        65.09433962264151,
        74.19354838709677
    ],
    "totals": [
        3346,
        344,
        106,
        31
    ],
    "top_configs_saved": [
        {
            "strategy": "L3_1.4_L4_1.0",
            "score": 68.8856766078312,
            "epoch": 143,
            "max_thresh": 0.64,
            "thresholds": [
                0.5,
                0.5467,
                0.5933,
                0.64
            ],
            "win_rates": [
                49.282725642558276,
                52.03488372093024,
                65.09433962264151,
                74.19354838709677
            ],
            "totals": [
                3346,
                344,
                106,
                31
            ]
        },
        {
            "strategy": "L3_1.1_L4_1.0",
            "score": 69.42729617714402,
            "epoch": 143,
            "max_thresh": 0.64,
            "thresholds": [
                0.5,
                0.5467,
                0.5933,
                0.64
            ],
            "win_rates": [
                49.282725642558276,
                52.03488372093024,
                65.09433962264151,
                74.19354838709677
            ],
            "totals": [
                3346,
                344,
                106,
                31
            ]
        },
        {
            "strategy": "BEST_VLOSS",
            "score": -17.290514281817845,
            "epoch": 29,
            "max_thresh": 0.52,
            "thresholds": [
                0.5,
                0.5067,
                0.5133,
                0.52
            ],
            "win_rates": [
                52.719665271966534,
                53.20686540198736,
                58.08580858085809,
                39.6551724137931
            ],
            "totals": [
                3346,
                2214,
                303,
                58
            ]
        }
    ]
}