{
    "target": "xauusd",
    "status": "RUNNING_OR_DONE",
    "epochs_trained": 8,
    "best_winrate": 61.782661782661776,
    "best_val_loss": 0.17336784601211547,
    "best_max_thresh": 0.67,
    "thresholds": [
        0.5,
        0.5567,
        0.6133,
        0.67
    ],
    "win_rates": [
        50.3771773419284,
        47.64581869290232,
        51.28205128205128,
        73.33333333333333
    ],
    "totals": [
        7291,
        1423,
        195,
        30
    ],
    "top_configs_saved": [
        {
            "strategy": "L3_1.4_L4_1.0",
            "score": 61.533094098883566,
            "epoch": 1,
            "max_thresh": 0.54,
            "thresholds": [
                0.5,
                0.5133,
                0.5267,
                0.54
            ],
            "win_rates": [
                49.4033740227678,
                50.674308833445714,
                61.65413533834586,
                61.36363636363637
            ],
            "totals": [
                7291,
                2966,
                133,
                44
            ]
        },
        {
            "strategy": "L3_1.1_L4_1.0",
            "score": 61.782661782661776,
            "epoch": 8,
            "max_thresh": 0.67,
            "thresholds": [
                0.5,
                0.5567,
                0.6133,
                0.67
            ],
            "win_rates": [
                50.3771773419284,
                47.64581869290232,
                51.28205128205128,
                73.33333333333333
            ],
            "totals": [
                7291,
                1423,
                195,
                30
            ]
        },
        {
            "strategy": "BEST_VLOSS",
            "score": -17.336784601211548,
            "epoch": 0,
            "max_thresh": 0.52,
            "thresholds": [
                0.5,
                0.5067,
                0.5133,
                0.52
            ],
            "win_rates": [
                49.938280071320804,
                51.515151515151516,
                56.919060052219315,
                60.37735849056604
            ],
            "totals": [
                7291,
                2013,
                383,
                53
            ]
        }
    ]
}