{
    "target": "ltcusdt",
    "version": "Transformer_V3",
    "dimensions": {
        "num_features_target": 0,
        "num_features_macro": 38
    },
    "sessions": {
        "crypto_247": {
            "BEST_VLOSS": {
                "epoch": 1,
                "max_threshold": 0.73,
                "composite_score": 0.4030360795578186,
                "val_loss": 0.8656854061853319,
                "threshold_metrics": [
                    {
                        "threshold": 0.53,
                        "total_signals": 10701,
                        "win_rate": 0.5619101018596393,
                        "avg_win_return": 0.001,
                        "avg_loss_return": 0.001,
                        "ev_score": 0.023644111015441838,
                        "sharpe_score": 0.0,
                        "total_buy": 5350,
                        "total_sell": 5351
                    },
                    {
                        "threshold": 0.5967,
                        "total_signals": 2689,
                        "win_rate": 0.6150985496467088,
                        "avg_win_return": 0.001,
                        "avg_loss_return": 0.001,
                        "ev_score": 0.10346584341394473,
                        "sharpe_score": 0.0,
                        "total_buy": 1344,
                        "total_sell": 1345
                    },
                    {
                        "threshold": 0.6633,
                        "total_signals": 460,
                        "win_rate": 0.6826086956521739,
                        "avg_win_return": 0.001,
                        "avg_loss_return": 0.001,
                        "ev_score": 0.5136989163076119,
                        "sharpe_score": 0.0,
                        "total_buy": 230,
                        "total_sell": 230
                    },
                    {
                        "threshold": 0.73,
                        "total_signals": 49,
                        "win_rate": 0.6938775510204082,
                        "avg_win_return": 0.001,
                        "avg_loss_return": 0.001,
                        "ev_score": 0.2481081081081081,
                        "sharpe_score": 0.0,
                        "total_buy": 24,
                        "total_sell": 25
                    }
                ],
                "win_rates": [
                    0.5619101018596393,
                    0.6150985496467088,
                    0.6826086956521739,
                    0.6938775510204082
                ],
                "thresholds": [
                    0.53,
                    0.5967,
                    0.6633,
                    0.73
                ],
                "totals": [
                    10701,
                    2689,
                    460,
                    49
                ]
            }
        }
    }
}